"date","day","eh","ozone","event"
1996-06-01,1,0,49.3993872484331,99
1996-06-02,2,0,53.1188208215808,102
1996-06-03,3,0,46.5938799390425,85
1996-06-04,4,0,59.7942709784498,103
1996-06-05,5,0,36.0082080081277,87
1996-06-06,6,0,41.4409114336463,92
1996-06-07,7,0,65.4109129193936,91
1996-06-08,8,0,56.0920246835215,100
1996-06-09,9,0,32.8877728278772,88
1996-06-10,10,0,36.321536625294,98
1996-06-11,11,0,55.2075312471303,97
1996-06-12,12,0,48.0699921110668,101
1996-06-13,13,0,52.6980973645443,95
1996-06-14,14,0,56.0399189740341,92
1996-06-15,15,0,59.3536176823381,92
1996-06-16,16,0,45.3843474086189,106
1996-06-17,17,0,49.8501428193213,98
1996-06-18,18,0,58.0468861724881,103
1996-06-19,19,0,57.5696510005733,96
1996-06-20,20,0,72.7799810241466,116
1996-06-21,21,0,38.6511631534037,101
1996-06-22,22,0,51.9186013817839,96
1996-06-23,23,0,62.7247815298695,104
1996-06-24,24,0,51.6949313216264,101
1996-06-25,25,0,46.4847610889238,99
1996-06-26,26,0,43.1436761440567,102
1996-06-27,27,0,49.3143010709609,95
1996-06-28,28,0,42.7820103544808,80
1996-06-29,29,0,47.9502186521326,114
1996-06-30,30,0,53.8451531585684,96
1996-07-01,31,0,59.1286319746811,83
1996-07-02,32,0,46.5583578706149,94
1996-07-03,33,0,58.9448045041874,87
1996-07-04,34,0,36.4216424097237,95
1996-07-05,35,0,66.1275347937862,110
1996-07-06,36,0,50.3721668604813,92
1996-07-07,37,0,57.1413476110331,119
1996-07-08,38,0,57.7060590900372,109
1996-07-09,39,0,60.3133693843961,100
1996-07-10,40,0,51.7776068816216,94
1996-07-11,41,0,51.0245462173183,76
1996-07-12,42,0,59.5910646876631,80
1996-07-13,43,0,50.1844908430783,97
1996-07-14,44,0,56.0131786980984,115
1996-07-15,45,0,54.1463028691771,69
1996-07-16,46,0,46.8759040960098,116
1996-07-17,47,0,52.7938279611186,97
1996-07-18,48,0,72.9220050613647,100
1996-07-19,49,0,51.1097242029019,91
1996-07-20,50,0,60.9368051727245,89
1996-07-21,51,0,54.8261261039403,93
1996-07-22,52,0,56.6223094067914,110
1996-07-23,53,0,64.5100237665333,93
1996-07-24,54,0,50.9828529064104,99
1996-07-25,55,0,39.3229156069514,75
1996-07-26,56,0,51.4181376849701,102
1996-07-27,57,0,52.0845887252131,105
1996-07-28,58,0,64.5132983379889,87
1996-07-29,59,0,48.906882166348,87
1996-07-30,60,0,51.8127610881027,89
1996-07-31,61,0,45.0172233415784,100
1996-08-01,62,0,63.657054371888,91
1996-08-02,63,0,65.8245410319277,79
1996-08-03,64,0,49.0164757924216,106
1996-08-04,65,0,48.7168724809413,84
1996-08-05,66,0,47.33929044461,113
1996-08-06,67,0,53.2651634384657,85
1996-08-07,68,0,62.9991443123239,104
1996-08-08,69,0,48.1798125463893,75
1996-08-09,70,0,55.0393072786384,97
1996-08-10,71,0,49.6660971281578,85
1996-08-11,72,0,50.4404967089584,104
1996-08-12,73,0,52.6745103368769,91
1996-08-13,74,0,60.771250504703,98
1996-08-14,75,0,42.5057248317027,90
1996-08-15,76,0,69.1977200200367,89
1996-08-16,77,0,57.5714507981215,81
1996-08-17,78,0,47.0309090713905,90
1996-08-18,79,0,48.9382840484154,87
1996-08-19,80,0,69.3139009361276,115
1996-08-20,81,0,39.7994995400027,86
1996-08-21,82,0,51.8335103971419,104
1996-08-22,83,0,44.4205002193793,78
1996-08-23,84,0,52.6360699746685,123
1996-08-24,85,0,49.7400619333775,98
1996-08-25,86,0,42.4865595342446,95
1996-08-26,87,0,42.4250218554867,105
1996-08-27,88,0,57.8991578030435,103
1996-08-28,89,0,54.7271210706918,84
1996-08-29,90,0,27.1216716352999,101
1996-08-30,91,0,50.5549777364956,92
1996-08-31,92,0,36.0700599562224,78
1996-09-01,93,0,48.0171758327072,112
1996-09-02,94,0,63.4129223273415,111
1996-09-03,95,0,46.9139565391982,77
1996-09-04,96,0,60.6416126068446,95
1996-09-05,97,0,67.5995129586917,103
1996-09-06,98,0,44.2674321640241,98
1996-09-07,99,0,56.2056141264235,105
1996-09-08,100,0,55.6725162229573,81
1996-09-09,101,0,49.0680922960909,88
1996-09-10,102,0,62.1258665936768,91
1996-09-11,103,0,62.7302254409436,110
1996-09-12,104,0,41.5239768629468,84
1996-09-13,105,0,41.2721231593866,92
1996-09-14,106,0,57.2028510167089,101
1996-09-15,107,0,55.7944724684638,88
1996-09-16,108,0,69.855025062047,98
1996-09-17,109,0,52.7581931639085,118
1996-09-18,110,0,58.6536231179624,100
1996-09-19,111,0,48.3937298717225,93
1996-09-20,112,0,41.3706175530473,101
1996-09-21,113,0,29.900456157904,98
1996-09-22,114,0,61.0699790538978,105
1996-09-23,115,0,68.4306382685853,98
1996-09-24,116,0,60.0702460985092,96
1996-09-25,117,0,47.289106192897,106
1996-09-26,118,0,57.7477822347059,100
1996-09-27,119,0,53.2514065145023,85
1996-09-28,120,0,60.7817906484658,94
1996-09-29,121,0,68.16812987515,113
1996-09-30,122,0,43.1458374782561,92
1997-06-01,123,0,51.0974585204159,109
1997-06-02,124,0,51.1639124618335,99
1997-06-03,125,0,71.8377905678122,99
1997-06-04,126,0,48.6126986276502,93
1997-06-05,127,0,50.4181011026386,87
1997-06-06,128,0,57.2875706842224,100
1997-06-07,129,0,37.1970471046568,121
1997-06-08,130,0,40.792407944229,94
1997-06-09,131,0,66.2026378807266,91
1997-06-10,132,0,54.8710958491311,97
1997-06-11,133,0,39.1585058476033,94
1997-06-12,134,0,42.6131754233031,98
1997-06-13,135,0,67.4691661882415,102
1997-06-14,136,0,63.1757605179292,110
1997-06-15,137,0,57.1811480429351,104
1997-06-16,138,0,53.7184434202566,88
1997-06-17,139,0,72.0504811443341,97
1997-06-18,140,0,41.3432703063037,80
1997-06-19,141,0,35.3496654608917,78
1997-06-20,142,0,57.4747641740634,111
1997-06-21,143,0,52.7066287656998,106
1997-06-22,144,0,65.8331764984094,92
1997-06-23,145,0,35.4889078159811,87
1997-06-24,146,0,41.7811188962591,99
1997-06-25,147,0,62.2654619974093,101
1997-06-26,148,0,49.5993922269477,111
1997-06-27,149,0,51.2990043114757,91
1997-06-28,150,0,64.921577054542,81
1997-06-29,151,0,73.6163664890641,109
1997-06-30,152,0,24.7513018742707,89
1997-07-01,153,0,62.1584825722198,86
1997-07-02,154,0,59.4514549452153,104
1997-07-03,155,0,57.03391990564,95
1997-07-04,156,0,69.2047712523276,96
1997-07-05,157,0,48.6053377632,78
1997-07-06,158,0,48.2378743221887,93
1997-07-07,159,0,50.7953928382881,90
1997-07-08,160,0,44.0099492008185,91
1997-07-09,161,0,42.1442021323958,97
1997-07-10,162,0,54.1274742465332,110
1997-07-11,163,0,56.9293523977221,103
1997-07-12,164,0,52.1514944479607,100
1997-07-13,165,0,34.8827322722972,72
1997-07-14,166,0,47.0335056275421,98
1997-07-15,167,0,34.8116905855219,90
1997-07-16,168,0,54.9935491931707,100
1997-07-17,169,0,59.2791229074654,85
1997-07-18,170,0,55.2715238165629,110
1997-07-19,171,0,60.3905729555963,94
1997-07-20,172,0,54.4254105494058,94
1997-07-21,173,0,61.4315813598596,93
1997-07-22,174,0,60.0978649553261,100
1997-07-23,175,0,61.2862335056509,85
1997-07-24,176,0,62.4264490356303,97
1997-07-25,177,0,70.6453352818875,89
1997-07-26,178,0,62.3639880440162,101
1997-07-27,179,0,63.0976409896672,90
1997-07-28,180,0,50.1188346526469,91
1997-07-29,181,0,56.2165776905838,91
1997-07-30,182,0,47.0588706510626,89
1997-07-31,183,0,51.3752702745413,96
1997-08-01,184,0,60.3406424501974,92
1997-08-02,185,0,53.2398696605724,107
1997-08-03,186,0,80.3222355216281,106
1997-08-04,187,0,49.2281238109913,99
1997-08-05,188,0,55.4818266077048,105
1997-08-06,189,0,39.8023838859242,106
1997-08-07,190,0,46.8393999187015,103
1997-08-08,191,0,49.4049083898552,80
1997-08-09,192,0,53.9477069465454,104
1997-08-10,193,0,53.7112889500697,81
1997-08-11,194,0,31.2302017427252,83
1997-08-12,195,0,55.459168961018,114
1997-08-13,196,0,44.0852047151317,96
1997-08-14,197,0,41.1594175111159,107
1997-08-15,198,0,46.069072211428,95
1997-08-16,199,0,50.3366073568487,90
1997-08-17,200,0,63.2804228496946,98
1997-08-18,201,0,79.0716462556895,101
1997-08-19,202,0,64.7887077176864,93
1997-08-20,203,0,51.5026102590665,105
1997-08-21,204,0,33.0337986066132,94
1997-08-22,205,0,66.3089043685952,90
1997-08-23,206,0,38.7424123588024,105
1997-08-24,207,0,49.7560658374916,84
1997-08-25,208,0,50.5853500511787,107
1997-08-26,209,0,68.2427176528129,107
1997-08-27,210,0,51.3249275909202,96
1997-08-28,211,0,51.8928468711839,99
1997-08-29,212,0,53.4371410447892,85
1997-08-30,213,0,51.8663971952395,102
1997-08-31,214,0,55.5088633811624,86
1997-09-01,215,0,48.4972296706492,79
1997-09-02,216,0,46.6199694536035,106
1997-09-03,217,0,52.5995214401386,99
1997-09-04,218,0,48.4016927659265,97
1997-09-05,219,0,48.1491857526568,96
1997-09-06,220,0,50.9473544093133,97
1997-09-07,221,0,57.4924606298046,77
1997-09-08,222,0,57.0191725805478,100
1997-09-09,223,0,48.2540469918505,108
1997-09-10,224,0,52.8185753086732,96
1997-09-11,225,0,49.7140196813535,105
1997-09-12,226,0,55.2361587690789,95
1997-09-13,227,0,55.1375216561089,88
1997-09-14,228,0,34.9938169010554,100
1997-09-15,229,0,64.2078364820245,78
1997-09-16,230,0,59.5128479089448,107
1997-09-17,231,0,49.346096206747,99
1997-09-18,232,0,64.2708773050084,101
1997-09-19,233,0,56.7072099335329,85
1997-09-20,234,0,49.2184876441953,111
1997-09-21,235,0,60.2850760926007,74
1997-09-22,236,0,48.560558218892,114
1997-09-23,237,0,53.5542667360578,95
1997-09-24,238,0,52.5081227713362,117
1997-09-25,239,0,46.8951985239357,115
1997-09-26,240,0,49.5984487620087,92
1997-09-27,241,0,56.5773073850347,90
1997-09-28,242,0,55.6828874102352,101
1997-09-29,243,0,50.5960101623116,106
1997-09-30,244,0,51.0457691411003,94
1998-06-01,245,0,65.5057669809189,110
1998-06-02,246,0,42.0031689519154,93
1998-06-03,247,0,55.3866960991243,93
1998-06-04,248,0,59.9802820329601,108
1998-06-05,249,0,66.0022204399698,106
1998-06-06,250,0,68.6515389921544,99
1998-06-07,251,0,43.1403680868726,86
1998-06-08,252,0,57.7035125999019,105
1998-06-09,253,0,57.2094095433424,94
1998-06-10,254,0,81.5839574751263,104
1998-06-11,255,0,56.073143442818,86
1998-06-12,256,0,37.8821776302711,107
1998-06-13,257,0,61.8077435264014,97
1998-06-14,258,0,83.3221717068469,88
1998-06-15,259,0,73.0933330268282,86
1998-06-16,260,0,49.2690062937453,108
1998-06-17,261,0,51.1078939548029,94
1998-06-18,262,0,46.5507438204907,107
1998-06-19,263,0,50.4820969665452,106
1998-06-20,264,0,60.2983576548712,100
1998-06-21,265,0,48.558853985159,100
1998-06-22,266,0,57.0161887426706,94
1998-06-23,267,0,68.8800055139319,99
1998-06-24,268,0,56.1497911439821,92
1998-06-25,269,0,59.6807349439852,83
1998-06-26,270,0,48.7461541539689,90
1998-06-27,271,0,39.8574070906063,82
1998-06-28,272,0,63.422066074489,102
1998-06-29,273,0,72.5578035152217,113
1998-06-30,274,0,71.6689475981858,77
1998-07-01,275,0,57.3112074075456,92
1998-07-02,276,0,41.4351423642871,91
1998-07-03,277,0,52.9819041627782,101
1998-07-04,278,0,41.6580434172909,101
1998-07-05,279,0,60.6525051181544,107
1998-07-06,280,0,41.6993601288877,96
1998-07-07,281,0,61.2790817776821,104
1998-07-08,282,0,50.2110730684859,96
1998-07-09,283,0,42.3146828836502,86
1998-07-10,284,0,50.3991287702098,125
1998-07-11,285,0,52.791572460325,90
1998-07-12,286,0,52.8336531270804,93
1998-07-13,287,0,61.2139045759145,95
1998-07-14,288,0,69.7599738685079,100
1998-07-15,289,0,30.657372132245,114
1998-07-16,290,0,75.848347726631,101
1998-07-17,291,0,56.401425203934,93
1998-07-18,292,0,45.6818922338874,99
1998-07-19,293,0,47.802381454336,98
1998-07-20,294,0,58.3462537702367,121
1998-07-21,295,0,49.760542695402,88
1998-07-22,296,0,59.4948503041645,98
1998-07-23,297,0,50.723733135331,110
1998-07-24,298,0,56.3854737171306,104
1998-07-25,299,0,40.8894525597305,94
1998-07-26,300,1,124.847191150006,174
1998-07-27,301,0,52.6744312256185,100
1998-07-28,302,0,62.6840709337481,99
1998-07-29,303,0,53.2976968803625,91
1998-07-30,304,0,49.1685718942398,97
1998-07-31,305,0,51.6361050981082,104
1998-08-01,306,0,38.6368792017988,94
1998-08-02,307,0,59.5456148153714,98
1998-08-03,308,0,56.8250119753452,103
1998-08-04,309,0,54.3867921299123,94
1998-08-05,310,0,49.7137405181888,99
1998-08-06,311,0,65.271820200333,109
1998-08-07,312,0,51.010373637261,103
1998-08-08,313,0,56.3113578202995,115
1998-08-09,314,0,29.0617286057386,85
1998-08-10,315,0,49.1733941055891,96
1998-08-11,316,0,57.1317220734897,109
1998-08-12,317,0,54.186357126752,100
1998-08-13,318,0,47.7988768589823,108
1998-08-14,319,0,58.1914774548729,95
1998-08-15,320,0,55.7223206007048,113
1998-08-16,321,0,52.6490162981936,98
1998-08-17,322,0,61.563163683886,88
1998-08-18,323,0,52.2383434301732,98
1998-08-19,324,0,61.1340320640041,101
1998-08-20,325,0,67.8104144884903,116
1998-08-21,326,0,51.1668215939624,100
1998-08-22,327,0,45.9889856296384,91
1998-08-23,328,0,60.0055528806148,101
1998-08-24,329,0,79.3221032276561,98
1998-08-25,330,0,54.8908069895626,108
1998-08-26,331,0,56.4343313923132,79
1998-08-27,332,0,54.2717179873912,91
1998-08-28,333,0,31.7800489556285,96
1998-08-29,334,0,41.6850467337749,104
1998-08-30,335,0,58.1362822778122,98
1998-08-31,336,0,50.2965732096502,106
1998-09-01,337,0,57.3103728360323,89
1998-09-02,338,0,59.0719492262636,94
1998-09-03,339,0,56.0058976883696,105
1998-09-04,340,0,41.9373579105002,94
1998-09-05,341,0,48.4559090379746,117
1998-09-06,342,0,56.0019622103101,97
1998-09-07,343,0,76.8259310347505,99
1998-09-08,344,0,47.2314904080642,105
1998-09-09,345,0,62.7310208036762,95
1998-09-10,346,0,40.997365930941,98
1998-09-11,347,0,28.6380850259011,80
1998-09-12,348,0,41.1963581570045,106
1998-09-13,349,0,57.1885970687621,87
1998-09-14,350,0,60.0107331280695,85
1998-09-15,351,0,67.580770012842,96
1998-09-16,352,0,51.8410341381421,97
1998-09-17,353,0,41.6873837086667,102
1998-09-18,354,0,41.4218254902266,105
1998-09-19,355,0,43.9798644980114,114
1998-09-20,356,0,55.1359999586725,84
1998-09-21,357,0,45.427292646037,114
1998-09-22,358,0,79.7551076707959,82
1998-09-23,359,0,62.3312010485481,82
1998-09-24,360,0,48.3400898071312,99
1998-09-25,361,0,39.7552375848864,104
1998-09-26,362,0,49.7026800133273,107
1998-09-27,363,0,60.7380032233429,94
1998-09-28,364,0,48.1077803775724,93
1998-09-29,365,0,54.039635336464,94
1998-09-30,366,0,36.1545255137854,111
1999-06-01,367,0,66.956470610427,99
1999-06-02,368,0,51.453931172165,97
1999-06-03,369,0,63.5563308230349,128
1999-06-04,370,0,61.6364518121291,104
1999-06-05,371,0,81.734570241716,91
1999-06-06,372,0,52.0987669072502,110
1999-06-07,373,0,36.4598865479796,95
1999-06-08,374,0,42.9684371091411,97
1999-06-09,375,0,54.289679709191,102
1999-06-10,376,0,51.0192537438449,99
1999-06-11,377,0,54.9425689854273,80
1999-06-12,378,0,54.5818107814286,108
1999-06-13,379,0,45.2449950956736,93
1999-06-14,380,0,52.2730268755985,78
1999-06-15,381,0,42.0447960313201,90
1999-06-16,382,0,65.3778338883649,87
1999-06-17,383,0,45.5045360022109,90
1999-06-18,384,0,52.5523545997477,85
1999-06-19,385,0,65.6378690028099,96
1999-06-20,386,0,50.2674817680461,93
1999-06-21,387,0,42.0197087638692,90
1999-06-22,388,0,56.6825025265038,104
1999-06-23,389,0,60.4231229545848,99
1999-06-24,390,0,49.9200307176626,108
1999-06-25,391,0,40.1589387713676,85
1999-06-26,392,0,39.6629058675403,69
1999-06-27,393,0,49.4925664876258,88
1999-06-28,394,0,36.8608138466691,102
1999-06-29,395,0,33.5607974199157,103
1999-06-30,396,0,78.870157061639,98
1999-07-01,397,0,57.4997314739658,93
1999-07-02,398,1,128.350771256395,170
1999-07-03,399,0,49.6703774110083,102
1999-07-04,400,0,51.2388959677962,93
1999-07-05,401,0,46.1047333808407,97
1999-07-06,402,0,58.1870206565652,100
1999-07-07,403,0,46.8003389820214,89
1999-07-08,404,0,54.0616814421952,93
1999-07-09,405,0,35.5027299916244,89
1999-07-10,406,0,62.0546110722499,93
1999-07-11,407,0,52.8155472226199,93
1999-07-12,408,0,49.3889060897831,99
1999-07-13,409,0,47.3488098019363,93
1999-07-14,410,0,55.618878669669,104
1999-07-15,411,0,56.0151154890445,97
1999-07-16,412,0,52.0268064289613,111
1999-07-17,413,0,60.7529132239101,99
1999-07-18,414,0,59.6255414979442,90
1999-07-19,415,0,61.6122583856659,95
1999-07-20,416,0,51.8224108215145,92
1999-07-21,417,0,47.1274341632323,91
1999-07-22,418,0,48.7583861094523,118
1999-07-23,419,0,47.0730141447397,96
1999-07-24,420,0,64.9316189529567,95
1999-07-25,421,0,66.8891200310869,97
1999-07-26,422,0,66.6866983561347,95
1999-07-27,423,0,63.8931925571697,90
1999-07-28,424,0,64.271652519646,92
1999-07-29,425,0,65.8095050077569,107
1999-07-30,426,0,67.7062494626642,113
1999-07-31,427,0,56.4234507839418,96
1999-08-01,428,0,50.4641168721022,100
1999-08-02,429,0,39.9175715243013,104
1999-08-03,430,0,63.1304634139674,102
1999-08-04,431,0,58.0875751423572,112
1999-08-05,432,0,38.270647056716,90
1999-08-06,433,0,55.0895869018481,99
1999-08-07,434,0,43.5004692566346,84
1999-08-08,435,0,37.2669389203502,88
1999-08-09,436,0,79.7456736134058,99
1999-08-10,437,0,71.3069718180674,90
1999-08-11,438,0,60.2349684412291,118
1999-08-12,439,0,60.8597602499988,82
1999-08-13,440,0,58.3426618291419,102
1999-08-14,441,0,50.6175660082875,112
1999-08-15,442,0,32.9973541784415,83
1999-08-16,443,0,72.8481683158172,93
1999-08-17,444,0,43.3902321287535,99
1999-08-18,445,0,56.812484619983,96
1999-08-19,446,0,56.6860678870279,91
1999-08-20,447,0,54.6721572938046,98
1999-08-21,448,0,63.2332853377385,106
1999-08-22,449,0,32.2539282717137,89
1999-08-23,450,0,55.6206453055616,94
1999-08-24,451,0,52.3879362849585,85
1999-08-25,452,0,50.5967310937052,91
1999-08-26,453,0,38.5143879252239,92
1999-08-27,454,0,65.6880481246626,98
1999-08-28,455,0,45.6453662222064,98
1999-08-29,456,0,45.9911409923276,95
1999-08-30,457,0,54.9694070707193,101
1999-08-31,458,0,65.2255992550185,105
1999-09-01,459,0,45.3288159183248,92
1999-09-02,460,0,54.0474238120939,85
1999-09-03,461,0,48.9378512535471,92
1999-09-04,462,0,51.69841915989,106
1999-09-05,463,0,55.1213565123883,103
1999-09-06,464,0,48.836379896131,94
1999-09-07,465,0,50.8128107427086,99
1999-09-08,466,1,134.446205439433,161
1999-09-09,467,0,51.6251223346291,99
1999-09-10,468,0,60.4503275468371,88
1999-09-11,469,0,49.5676478085667,95
1999-09-12,470,0,52.1164168942211,109
1999-09-13,471,0,62.8585770370881,103
1999-09-14,472,0,57.8672119905029,91
1999-09-15,473,0,49.5842482213423,98
1999-09-16,474,0,54.6403579978661,112
1999-09-17,475,0,37.8318953506374,115
1999-09-18,476,0,61.4851548580206,92
1999-09-19,477,0,36.8452504811633,114
1999-09-20,478,0,51.7556184244573,105
1999-09-21,479,0,53.9098119231427,117
1999-09-22,480,0,54.1664431178984,97
1999-09-23,481,0,36.9042580434858,88
1999-09-24,482,0,64.8951504036495,92
1999-09-25,483,0,55.8666859924304,104
1999-09-26,484,0,54.5698352649071,107
1999-09-27,485,0,47.7477609692361,98
1999-09-28,486,0,49.9716101356581,98
1999-09-29,487,0,50.0154743168418,100
1999-09-30,488,0,51.0021249692918,112
2000-06-01,489,0,53.3350691341196,100
2000-06-02,490,0,49.3250493208295,102
2000-06-03,491,0,46.0140295188837,109
2000-06-04,492,0,59.8063932821186,99
2000-06-05,493,0,39.2465784974597,87
2000-06-06,494,0,63.1721030974842,111
2000-06-07,495,0,47.9367672320074,94
2000-06-08,496,0,54.506869469402,98
2000-06-09,497,0,60.9190115307597,103
2000-06-10,498,0,65.102101805833,104
2000-06-11,499,0,50.7472925559195,92
2000-06-12,500,0,50.7487786790297,85
2000-06-13,501,0,48.4832049070988,89
2000-06-14,502,0,74.5996393295761,105
2000-06-15,503,0,65.3062323873381,71
2000-06-16,504,0,59.9774675582399,82
2000-06-17,505,0,35.0628726152721,88
2000-06-18,506,0,41.112596642885,82
2000-06-19,507,0,46.1043761367605,125
2000-06-20,508,0,30.9323460726534,105
2000-06-21,509,0,68.8970735520554,100
2000-06-22,510,0,29.54754518151,112
2000-06-23,511,0,48.4047791638127,92
2000-06-24,512,0,64.4823155648332,104
2000-06-25,513,0,40.4357688561146,91
2000-06-26,514,0,66.1215193860475,94
2000-06-27,515,0,39.2185737681023,96
2000-06-28,516,0,54.5319241477198,91
2000-06-29,517,0,46.2718773093732,119
2000-06-30,518,0,50.6389595698121,88
2000-07-01,519,0,50.2164542006971,100
2000-07-02,520,0,53.8485387072487,91
2000-07-03,521,0,49.1063702336559,98
2000-07-04,522,0,55.8524652944281,104
2000-07-05,523,0,45.9434205232185,100
2000-07-06,524,0,59.1105470389409,109
2000-07-07,525,0,46.8057582926435,100
2000-07-08,526,0,67.7245532480734,87
2000-07-09,527,0,52.1964343997186,97
2000-07-10,528,0,59.3098909989258,95
2000-07-11,529,0,60.7987382553321,88
2000-07-12,530,0,51.1158148394913,95
2000-07-13,531,0,57.142002571847,106
2000-07-14,532,0,47.3425611809095,93
2000-07-15,533,0,36.8111278541448,98
2000-07-16,534,0,46.2682185949188,96
2000-07-17,535,0,70.7077573889555,100
2000-07-18,536,0,51.6655460535033,96
2000-07-19,537,0,49.9645342737914,106
2000-07-20,538,0,47.0077081593009,100
2000-07-21,539,0,44.7310738823116,107
2000-07-22,540,0,47.0572141346066,95
2000-07-23,541,0,42.1695115786135,90
2000-07-24,542,0,48.7078422141632,95
2000-07-25,543,0,59.4286489629254,103
2000-07-26,544,0,56.9712728839751,99
2000-07-27,545,0,51.9577563855713,101
2000-07-28,546,0,54.036902478988,96
2000-07-29,547,0,46.5117508610179,93
2000-07-30,548,0,37.3191117965393,90
2000-07-31,549,0,62.3122192373802,103
2000-08-01,550,0,57.5121100167343,99
2000-08-02,551,0,44.2010797185862,78
2000-08-03,552,0,47.2504287227223,97
2000-08-04,553,0,52.043062530787,100
2000-08-05,554,0,49.5644447266253,100
2000-08-06,555,0,56.7240306174588,94
2000-08-07,556,1,127.913642237173,177
2000-08-08,557,0,63.8647453130739,97
2000-08-09,558,1,140.847056898425,184
2000-08-10,559,0,41.861308800025,98
2000-08-11,560,0,70.5817633807959,109
2000-08-12,561,0,66.9812833008914,79
2000-08-13,562,0,60.2217030090071,110
2000-08-14,563,0,52.152314570167,91
2000-08-15,564,0,53.6567726713441,108
2000-08-16,565,0,50.2228437615772,99
2000-08-17,566,0,60.6521710467377,99
2000-08-18,567,0,54.19277349885,104
2000-08-19,568,0,54.7033446663722,107
2000-08-20,569,0,62.5921784881261,102
2000-08-21,570,0,59.7503157804507,76
2000-08-22,571,0,67.0032813014885,82
2000-08-23,572,0,38.6292474294521,100
2000-08-24,573,0,58.3942539594744,93
2000-08-25,574,0,72.7984795218074,96
2000-08-26,575,0,47.6833825552949,93
2000-08-27,576,0,58.1787202887348,97
2000-08-28,577,0,57.3314032713499,95
2000-08-29,578,0,60.4890704054639,105
2000-08-30,579,0,51.7327024485698,100
2000-08-31,580,0,42.4875090161525,109
2000-09-01,581,0,38.1243486138508,88
2000-09-02,582,0,56.6838155003917,85
2000-09-03,583,0,49.9895868197599,99
2000-09-04,584,0,42.442102452307,92
2000-09-05,585,1,127.299647413778,135
2000-09-06,586,0,58.2988878316269,110
2000-09-07,587,0,52.5463623926857,103
2000-09-08,588,0,49.9705358829079,84
2000-09-09,589,0,34.404959064876,110
2000-09-10,590,0,31.0329757603968,105
2000-09-11,591,0,51.1374922771712,115
2000-09-12,592,0,68.9915386112396,95
2000-09-13,593,0,49.1440156788631,104
2000-09-14,594,1,139.72480493111,172
2000-09-15,595,0,61.9939699733921,92
2000-09-16,596,0,51.4841354059478,126
2000-09-17,597,0,50.883063256842,94
2000-09-18,598,0,42.9717320696416,89
2000-09-19,599,0,39.5893743515502,93
2000-09-20,600,0,50.4312589122313,86
2000-09-21,601,0,52.7237686775649,97
2000-09-22,602,0,40.1526060643941,98
2000-09-23,603,0,43.6443140919014,109
2000-09-24,604,0,43.7026621442099,88
2000-09-25,605,0,64.8785192587179,89
2000-09-26,606,0,53.8300738215769,103
2000-09-27,607,0,67.4360059382548,97
2000-09-28,608,0,64.1012936404356,89
2000-09-29,609,0,55.118361660798,119
2000-09-30,610,0,50.7991139316716,88
2001-06-01,611,0,61.9387833866386,106
2001-06-02,612,0,39.0190302547524,106
2001-06-03,613,0,65.6614643370787,95
2001-06-04,614,0,33.9309753518086,83
2001-06-05,615,0,53.2732740069934,111
2001-06-06,616,0,62.5369253213636,69
2001-06-07,617,0,78.5156186851116,84
2001-06-08,618,0,53.1829893146214,94
2001-06-09,619,0,56.1945552473313,94
2001-06-10,620,0,34.7977964147444,96
2001-06-11,621,0,33.8812276505358,76
2001-06-12,622,0,61.5554692210893,109
2001-06-13,623,0,52.5821809450314,111
2001-06-14,624,0,37.3770091621991,86
2001-06-15,625,0,71.7909774263606,109
2001-06-16,626,0,64.4782261830703,95
2001-06-17,627,0,48.6466426048803,92
2001-06-18,628,0,40.6811975937139,96
2001-06-19,629,0,63.285034790444,87
2001-06-20,630,0,70.2919344938896,96
2001-06-21,631,0,60.7305343581209,81
2001-06-22,632,0,47.8930063580793,85
2001-06-23,633,0,62.9662271122932,96
2001-06-24,634,1,122.731661304023,162
2001-06-25,635,0,51.4175076988182,116
2001-06-26,636,0,28.5065979181999,92
2001-06-27,637,0,70.6547148450183,99
2001-06-28,638,0,47.5377381333108,104
2001-06-29,639,0,42.3464367170023,122
2001-06-30,640,0,53.192560377573,95
2001-07-01,641,0,45.8108147354824,98
2001-07-02,642,0,55.383012757649,109
2001-07-03,643,0,48.0316525811723,94
2001-07-04,644,0,49.3209521649518,92
2001-07-05,645,0,68.3770345834564,107
2001-07-06,646,0,49.5614027151071,79
2001-07-07,647,0,56.0460038530013,88
2001-07-08,648,0,72.8571746621067,108
2001-07-09,649,0,51.1711523668748,107
2001-07-10,650,0,44.5136797900589,96
2001-07-11,651,0,55.0617745542124,111
2001-07-12,652,0,38.3305052947654,95
2001-07-13,653,0,60.8041099689302,93
2001-07-14,654,0,57.2911099106552,117
2001-07-15,655,0,46.0634578645045,99
2001-07-16,656,0,56.2575090825125,87
2001-07-17,657,0,37.9955148559493,113
2001-07-18,658,0,40.8296075896208,88
2001-07-19,659,0,55.2953128177939,95
2001-07-20,660,0,68.1318202071718,72
2001-07-21,661,0,41.5441027641513,110
2001-07-22,662,0,53.1773100367724,98
2001-07-23,663,0,55.1252173188254,81
2001-07-24,664,0,74.2281018020341,91
2001-07-25,665,0,51.7799229679514,91
2001-07-26,666,0,67.1117304753307,82
2001-07-27,667,0,69.6237221061305,92
2001-07-28,668,0,49.8132439695688,105
2001-07-29,669,0,51.7095656701472,88
2001-07-30,670,0,57.1106516716806,96
2001-07-31,671,0,40.79941700035,98
2001-08-01,672,0,74.7788899626246,89
2001-08-02,673,0,73.6691794349694,101
2001-08-03,674,0,42.6651223354574,94
2001-08-04,675,0,62.0928290808616,94
2001-08-05,676,0,49.3247224616352,99
2001-08-06,677,0,64.8009873889022,93
2001-08-07,678,0,56.2779682060142,94
2001-08-08,679,0,54.4823474318,88
2001-08-09,680,0,35.8792797136665,113
2001-08-10,681,0,59.2935396905888,107
2001-08-11,682,0,64.9644468140807,100
2001-08-12,683,0,38.2097838009666,92
2001-08-13,684,0,42.1915809004978,104
2001-08-14,685,0,53.321635640698,82
2001-08-15,686,0,60.132722012107,107
2001-08-16,687,0,39.9836104172285,108
2001-08-17,688,0,46.1053128919446,89
2001-08-18,689,0,69.2962661740913,93
2001-08-19,690,0,51.6756203099847,97
2001-08-20,691,0,48.6717931292539,86
2001-08-21,692,0,43.186337626362,79
2001-08-22,693,0,47.4809484422049,101
2001-08-23,694,0,49.8092958747062,94
2001-08-24,695,0,32.8488056297777,105
2001-08-25,696,0,52.8015608785319,109
2001-08-26,697,0,47.8712664665477,93
2001-08-27,698,0,51.422528099776,86
2001-08-28,699,0,57.5168150925172,91
2001-08-29,700,0,52.25152627101,91
2001-08-30,701,0,61.1432482661381,82
2001-08-31,702,0,60.1898365943948,93
2001-09-01,703,0,54.3155221751549,89
2001-09-02,704,0,44.1043311300386,81
2001-09-03,705,0,49.7226659685862,105
2001-09-04,706,0,59.7688130842801,107
2001-09-05,707,0,49.0910304663787,108
2001-09-06,708,0,74.0235038680666,105
2001-09-07,709,0,45.7323430931331,96
2001-09-08,710,0,40.9952062380445,92
2001-09-09,711,0,41.9227557514392,95
2001-09-10,712,0,61.0185314695594,83
2001-09-11,713,0,47.2608372589811,108
2001-09-12,714,0,72.3422165649628,102
2001-09-13,715,0,40.3198469893852,105
2001-09-14,716,0,61.6212308663576,88
2001-09-15,717,0,58.1722744734821,93
2001-09-16,718,0,56.3507399202487,105
2001-09-17,719,0,59.6994682998551,105
2001-09-18,720,0,58.9000127306363,107
2001-09-19,721,0,68.9076303042669,100
2001-09-20,722,0,51.4036068706782,90
2001-09-21,723,0,47.7786332843886,105
2001-09-22,724,0,57.2387876040911,80
2001-09-23,725,0,62.4765430980007,100
2001-09-24,726,0,52.3170534888071,94
2001-09-25,727,0,44.3364320560843,84
2001-09-26,728,0,61.2798869158618,122
2001-09-27,729,0,61.0189472253278,95
2001-09-28,730,0,40.8282196394501,97
2001-09-29,731,0,46.3920816660461,96
2001-09-30,732,0,58.70951962406,105
2002-06-01,733,0,42.8762259901896,109
2002-06-02,734,0,54.0198904926227,100
2002-06-03,735,0,49.0839268770814,91
2002-06-04,736,0,48.1084480176907,110
2002-06-05,737,0,54.6964542579489,111
2002-06-06,738,0,57.5047214288011,106
2002-06-07,739,0,36.7234108518863,93
2002-06-08,740,0,59.8450700914751,96
2002-06-09,741,0,45.5374294043746,102
2002-06-10,742,0,55.3937601059198,95
2002-06-11,743,0,52.4459734731619,101
2002-06-12,744,0,54.1305431221392,97
2002-06-13,745,0,52.4454823226808,103
2002-06-14,746,0,57.1056787916779,95
2002-06-15,747,0,47.1335960428495,104
2002-06-16,748,0,67.0670036716892,101
2002-06-17,749,0,31.5649386793761,92
2002-06-18,750,0,44.8581986186591,113
2002-06-19,751,0,45.4792139940312,97
2002-06-20,752,0,35.2700385531098,93
2002-06-21,753,0,64.3009963835161,104
2002-06-22,754,0,58.4306257472945,88
2002-06-23,755,0,54.5435581580989,80
2002-06-24,756,0,56.1011246732658,103
2002-06-25,757,0,44.2089855573209,86
2002-06-26,758,0,52.4311934589337,110
2002-06-27,759,0,62.5102324814863,92
2002-06-28,760,0,55.1167291378355,95
2002-06-29,761,0,57.4116441651595,97
2002-06-30,762,0,52.8630117247833,99
2002-07-01,763,0,70.9547091684584,106
2002-07-02,764,0,57.7086198374049,87
2002-07-03,765,0,56.151006441771,94
2002-07-04,766,0,62.9037439662395,74
2002-07-05,767,0,50.1643575115075,94
2002-07-06,768,0,58.104926992244,90
2002-07-07,769,0,44.8356717234642,101
2002-07-08,770,0,50.3402715796936,85
2002-07-09,771,0,61.9793366957356,104
2002-07-10,772,0,41.054191512999,96
2002-07-11,773,0,42.7212170959164,100
2002-07-12,774,0,59.4580143658629,95
2002-07-13,775,1,125.57531446976,171
2002-07-14,776,0,51.1538922276449,95
2002-07-15,777,0,48.4535311736545,97
2002-07-16,778,0,48.5877491475668,103
2002-07-17,779,0,70.2804405488391,102
2002-07-18,780,0,49.8516943450259,106
2002-07-19,781,0,63.7374772991513,104
2002-07-20,782,0,47.9698411809706,87
2002-07-21,783,0,50.8329855374981,94
2002-07-22,784,0,58.8306404207227,104
2002-07-23,785,0,63.8432142261407,106
2002-07-24,786,0,48.3745726149117,87
2002-07-25,787,0,60.5119228425308,96
2002-07-26,788,0,35.6119664240574,94
2002-07-27,789,0,40.1247704244899,88
2002-07-28,790,0,46.966042706559,98
2002-07-29,791,0,49.6672678398415,97
2002-07-30,792,0,57.0915898671551,95
2002-07-31,793,0,59.5130422602282,85
2002-08-01,794,0,68.108459505493,96
2002-08-02,795,0,54.9894043247576,106
2002-08-03,796,0,55.7372516505278,100
2002-08-04,797,0,61.5464528651897,108
2002-08-05,798,0,55.3843503251294,108
2002-08-06,799,0,50.0511604035132,99
2002-08-07,800,0,47.7209550562706,93
2002-08-08,801,0,49.7319627091435,85
2002-08-09,802,0,49.2289390372349,93
2002-08-10,803,0,55.8828977527888,83
2002-08-11,804,0,35.4543086779727,82
2002-08-12,805,0,74.0377587105589,80
2002-08-13,806,0,50.3842153086673,91
2002-08-14,807,0,49.9476500806245,99
2002-08-15,808,0,60.4276290479955,97
2002-08-16,809,0,40.2372627315272,82
2002-08-17,810,0,65.5658991938916,94
2002-08-18,811,0,58.6512318135619,102
2002-08-19,812,0,64.0242780995973,79
2002-08-20,813,0,40.4954947679558,101
2002-08-21,814,0,43.5588322147545,94
2002-08-22,815,0,59.3420952100514,101
2002-08-23,816,0,46.7879462168705,108
2002-08-24,817,0,69.6558612798134,86
2002-08-25,818,0,64.0776998073113,97
2002-08-26,819,0,58.146878289163,98
2002-08-27,820,0,45.1266862072411,99
2002-08-28,821,0,51.4393472523295,103
2002-08-29,822,0,50.0160770255275,102
2002-08-30,823,0,67.6332852358706,98
2002-08-31,824,0,51.7758164196861,96
2002-09-01,825,0,52.0449773151561,111
2002-09-02,826,0,45.4626045972965,103
2002-09-03,827,0,65.126355915588,86
2002-09-04,828,0,51.6806052058045,104
2002-09-05,829,0,48.7879478149948,91
2002-09-06,830,0,60.1168753933239,109
2002-09-07,831,0,69.3093432895272,84
2002-09-08,832,0,51.310725583791,98
2002-09-09,833,0,37.9629188262911,89
2002-09-10,834,0,65.242341211493,85
2002-09-11,835,0,71.0780284375575,113
2002-09-12,836,0,39.4443845252129,100
2002-09-13,837,1,124.141566181735,140
2002-09-14,838,1,130.277741186263,176
2002-09-15,839,0,47.8508217470167,101
2002-09-16,840,0,36.6144832364605,105
2002-09-17,841,0,66.8416683705713,99
2002-09-18,842,0,50.7921533955541,92
2002-09-19,843,0,56.403348020159,109
2002-09-20,844,0,54.935500280375,95
2002-09-21,845,0,56.5619070095561,103
2002-09-22,846,0,42.5744021088563,104
2002-09-23,847,0,39.3013555473091,89
2002-09-24,848,0,43.0800624657901,102
2002-09-25,849,0,42.779953205742,98
2002-09-26,850,0,32.6196919345917,87
2002-09-27,851,0,53.6295015826799,96
2002-09-28,852,0,57.8435621692975,95
2002-09-29,853,0,58.5227315369652,97
2002-09-30,854,0,63.2453365309179,101
2003-06-01,855,0,72.4305289698666,86
2003-06-02,856,0,40.7670197394889,112
2003-06-03,857,0,64.3391747180875,89
2003-06-04,858,0,22.1265414872913,88
2003-06-05,859,0,60.3414093937218,84
2003-06-06,860,0,51.9171697553008,105
2003-06-07,861,0,59.0061331550191,103
2003-06-08,862,0,47.6638629890975,92
2003-06-09,863,0,52.8620431549182,101
2003-06-10,864,0,59.0865080533007,105
2003-06-11,865,0,43.7453114918833,110
2003-06-12,866,0,70.7685020795158,87
2003-06-13,867,0,56.9756170032965,98
2003-06-14,868,0,52.316283160493,87
2003-06-15,869,0,57.9962042912443,106
2003-06-16,870,0,65.0430779716536,96
2003-06-17,871,0,47.2194790051069,92
2003-06-18,872,0,53.2908608466397,99
2003-06-19,873,0,56.214161727492,104
2003-06-20,874,0,57.8377029933139,122
2003-06-21,875,0,57.5347107622249,106
2003-06-22,876,0,57.9048852604915,105
2003-06-23,877,0,52.0258891325888,87
2003-06-24,878,0,54.7863939978911,98
2003-06-25,879,0,33.3243688402818,93
2003-06-26,880,0,53.8699838538471,106
2003-06-27,881,0,58.1808168743292,99
2003-06-28,882,0,53.6423758715422,99
2003-06-29,883,0,68.2863623818234,101
2003-06-30,884,0,50.7500551420728,93
2003-07-01,885,0,55.2666252354216,95
2003-07-02,886,0,49.7960942193995,93
2003-07-03,887,0,48.75725357641,105
2003-07-04,888,0,57.0988464848545,86
2003-07-05,889,0,63.8340906351633,99
2003-07-06,890,0,43.5017401035446,95
2003-07-07,891,0,39.621049103666,97
2003-07-08,892,0,55.1585002368375,93
2003-07-09,893,0,63.0772079524757,117
2003-07-10,894,0,58.3676588259724,97
2003-07-11,895,0,47.0172545815726,101
2003-07-12,896,0,48.5398822825536,108
2003-07-13,897,0,78.2946928269958,106
2003-07-14,898,0,65.107763891411,88
2003-07-15,899,0,67.7474035793368,89
2003-07-16,900,0,44.0974519502043,99
2003-07-17,901,0,61.3110286091612,86
2003-07-18,902,0,53.1278991003383,96
2003-07-19,903,0,56.7359022597142,93
2003-07-20,904,0,58.3377124550621,104
2003-07-21,905,0,38.932600475065,116
2003-07-22,906,0,65.9044128666405,91
2003-07-23,907,0,64.9478504352688,93
2003-07-24,908,0,41.0211675191809,82
2003-07-25,909,0,77.0486599103005,90
2003-07-26,910,0,54.1815238918834,99
2003-07-27,911,0,52.5890905240716,103
2003-07-28,912,0,62.6300214546985,98
2003-07-29,913,0,48.3030772445198,86
2003-07-30,914,0,52.8965221036965,92
2003-07-31,915,0,66.8692247371605,102
2003-08-01,916,0,53.012633536502,98
2003-08-02,917,0,62.0396377302576,103
2003-08-03,918,0,60.1501542291757,93
2003-08-04,919,0,61.6481906757031,94
2003-08-05,920,0,56.1731921124143,98
2003-08-06,921,0,44.493893341357,85
2003-08-07,922,0,56.0779723902452,83
2003-08-08,923,0,37.6511823705977,93
2003-08-09,924,0,59.4614069467555,102
2003-08-10,925,0,56.2415532919011,96
2003-08-11,926,0,67.3503267461496,89
2003-08-12,927,1,137.289292317789,139
2003-08-13,928,0,53.6640855285432,100
2003-08-14,929,0,48.1129090823369,96
2003-08-15,930,0,65.9249273700037,102
2003-08-16,931,0,55.9324146525528,98
2003-08-17,932,0,41.6684155317646,101
2003-08-18,933,0,35.2780430884743,104
2003-08-19,934,0,27.1819778662591,86
2003-08-20,935,0,59.6728646694726,116
2003-08-21,936,0,58.1233651208617,104
2003-08-22,937,0,37.1383427641736,96
2003-08-23,938,0,51.1802462202476,89
2003-08-24,939,0,39.0282192877474,96
2003-08-25,940,0,40.1480060018032,84
2003-08-26,941,0,43.194044895264,104
2003-08-27,942,0,45.8294263595209,109
2003-08-28,943,0,59.5750511076477,95
2003-08-29,944,0,62.0784619116501,106
2003-08-30,945,0,65.2130498830335,91
2003-08-31,946,0,55.1523517034124,105
2003-09-01,947,0,45.220053070485,108
2003-09-02,948,0,52.0043877487654,88
2003-09-03,949,0,57.3953129783061,102
2003-09-04,950,0,50.2402846112243,103
2003-09-05,951,0,55.8914116627229,101
2003-09-06,952,0,50.3436107555275,81
2003-09-07,953,0,53.7601945219532,82
2003-09-08,954,0,45.0575192922166,97
2003-09-09,955,0,54.8297048706681,100
2003-09-10,956,0,47.0942585699079,89
2003-09-11,957,0,34.4827675694093,108
2003-09-12,958,0,53.9376902538827,102
2003-09-13,959,0,42.3024484429411,117
2003-09-14,960,0,57.0969200025246,95
2003-09-15,961,0,55.0404738940105,93
2003-09-16,962,0,40.4869352228374,94
2003-09-17,963,0,48.7158698765321,106
2003-09-18,964,0,37.1723904706422,100
2003-09-19,965,0,48.4889457626219,112
2003-09-20,966,0,46.5980188401557,84
2003-09-21,967,0,47.3639758098166,92
2003-09-22,968,0,63.7069725753047,106
2003-09-23,969,0,64.7577085050633,115
2003-09-24,970,0,51.4772360342843,87
2003-09-25,971,0,48.7228210662393,100
2003-09-26,972,0,32.2809989243839,98
2003-09-27,973,0,50.0803645008777,93
2003-09-28,974,0,43.3489589430981,94
2003-09-29,975,0,57.0185555289458,93
2003-09-30,976,0,48.7911728827434,101
2004-06-01,977,0,53.5598331729143,82
2004-06-02,978,0,33.6465782589344,105
2004-06-03,979,0,49.9859945044853,109
2004-06-04,980,0,48.7276518686203,90
2004-06-05,981,0,70.650194324384,88
2004-06-06,982,0,36.3154669140677,100
2004-06-07,983,0,52.892506264577,89
2004-06-08,984,0,47.3625750636564,108
2004-06-09,985,0,43.7357761015023,101
2004-06-10,986,0,57.3244475712314,99
2004-06-11,987,0,40.1709591995949,103
2004-06-12,988,0,53.1724097930021,108
2004-06-13,989,0,70.7109835058129,93
2004-06-14,990,0,56.3543008220961,109
2004-06-15,991,0,58.4242029192034,80
2004-06-16,992,0,54.7733014562169,85
2004-06-17,993,0,45.6889585663226,98
2004-06-18,994,0,54.2135278828545,92
2004-06-19,995,0,51.0981736217041,100
2004-06-20,996,0,70.9645306143249,82
2004-06-21,997,0,51.4815589662195,104
2004-06-22,998,0,63.9574667472425,100
2004-06-23,999,0,70.9159337536286,94
2004-06-24,1000,0,73.2828389817714,107
2004-06-25,1001,0,41.6370958098322,118
2004-06-26,1002,0,57.1663567483109,95
2004-06-27,1003,0,43.9312876956725,100
2004-06-28,1004,0,46.9948608498199,108
2004-06-29,1005,0,47.0318451118394,96
2004-06-30,1006,0,43.722375244979,87
2004-07-01,1007,0,39.3728088734336,92
2004-07-02,1008,0,51.4704246578206,83
2004-07-03,1009,0,50.9495179015868,95
2004-07-04,1010,0,43.220490980109,64
2004-07-05,1011,0,55.2672279199515,95
2004-07-06,1012,0,48.1941902761495,90
2004-07-07,1013,0,47.6294331573245,117
2004-07-08,1014,0,48.8128835187035,85
2004-07-09,1015,0,34.4688883378511,88
2004-07-10,1016,0,63.6725534745305,99
2004-07-11,1017,0,68.921053386831,82
2004-07-12,1018,0,50.5733063736202,92
2004-07-13,1019,0,66.7516947748265,116
2004-07-14,1020,0,42.4809293946793,113
2004-07-15,1021,0,50.1629257749002,94
2004-07-16,1022,0,29.5821546952625,79
2004-07-17,1023,0,46.9875148678048,105
2004-07-18,1024,0,53.3063505449908,86
2004-07-19,1025,0,47.6717865679362,99
2004-07-20,1026,0,47.8354197483481,94
2004-07-21,1027,0,42.534158224783,116
2004-07-22,1028,0,45.9578415571194,97
2004-07-23,1029,0,44.8542657342115,103
2004-07-24,1030,0,50.7467335073171,109
2004-07-25,1031,0,50.7382724234347,96
2004-07-26,1032,0,42.0279467618348,109
2004-07-27,1033,0,63.0530768554348,108
2004-07-28,1034,0,55.4160096008328,92
2004-07-29,1035,0,67.2897716086559,101
2004-07-30,1036,0,55.957235332474,94
2004-07-31,1037,0,28.0341228659996,96
2004-08-01,1038,0,56.8266429652959,98
2004-08-02,1039,0,63.8035362609389,109
2004-08-03,1040,0,34.2160683880666,77
2004-08-04,1041,0,51.4935244128443,121
2004-08-05,1042,0,81.7561857945249,82
2004-08-06,1043,0,62.2884265945351,103
2004-08-07,1044,0,50.5490482789515,91
2004-08-08,1045,0,60.3965094039945,94
2004-08-09,1046,0,54.5984234542813,88
2004-08-10,1047,0,67.151197106277,99
2004-08-11,1048,0,47.1039989826032,79
2004-08-12,1049,0,54.515271083296,78
2004-08-13,1050,0,48.6226340907288,122
2004-08-14,1051,0,52.3923351358963,92
2004-08-15,1052,0,51.4846650779493,96
2004-08-16,1053,0,48.9118059576083,90
2004-08-17,1054,0,59.2745918299418,90
2004-08-18,1055,0,61.8407051821655,79
2004-08-19,1056,0,34.4950499255607,95
2004-08-20,1057,0,54.0153980651936,86
2004-08-21,1058,0,64.6036143279622,99
2004-08-22,1059,0,73.0244379494642,105
2004-08-23,1060,0,57.4619732940805,115
2004-08-24,1061,0,66.8569825581488,110
2004-08-25,1062,0,52.4773941202748,91
2004-08-26,1063,0,63.1564648450096,93
2004-08-27,1064,0,51.56223649634,94
2004-08-28,1065,0,43.4998250752158,91
2004-08-29,1066,0,46.1412008282038,117
2004-08-30,1067,0,47.1210459274362,97
2004-08-31,1068,0,42.9120462886919,98
2004-09-01,1069,0,63.2830525577536,96
2004-09-02,1070,0,73.0532604180973,94
2004-09-03,1071,0,55.1534522336896,99
2004-09-04,1072,0,60.6509771262627,93
2004-09-05,1073,0,57.807386067229,91
2004-09-06,1074,0,49.2753635760033,113
2004-09-07,1075,0,56.8071491977274,111
2004-09-08,1076,0,48.4458700407718,99
2004-09-09,1077,0,64.3263043039793,107
2004-09-10,1078,0,55.9448363160754,84
2004-09-11,1079,0,43.0591452079857,97
2004-09-12,1080,0,62.0469353119531,103
2004-09-13,1081,0,52.067972689253,106
2004-09-14,1082,0,52.6919353775374,95
2004-09-15,1083,0,24.6515247847948,79
2004-09-16,1084,0,65.8790835295938,96
2004-09-17,1085,0,53.7725021853912,85
2004-09-18,1086,0,39.029781727339,105
2004-09-19,1087,0,45.5019768565541,99
2004-09-20,1088,0,34.9412407562342,87
2004-09-21,1089,0,55.0687907315,83
2004-09-22,1090,0,43.6174446379277,93
2004-09-23,1091,0,53.0905983626673,104
2004-09-24,1092,0,63.1748358229608,77
2004-09-25,1093,0,42.7325519208518,94
2004-09-26,1094,0,38.9168459431434,82
2004-09-27,1095,0,53.0717724816673,91
2004-09-28,1096,0,52.7513976009866,103
2004-09-29,1097,0,53.7119836279779,91
2004-09-30,1098,0,60.3176631959652,93
2005-06-01,1099,0,52.1191564626839,87
2005-06-02,1100,0,42.3621956405619,110
2005-06-03,1101,0,32.7480794102743,107
2005-06-04,1102,0,51.9350905359931,75
2005-06-05,1103,0,48.4259536948008,83
2005-06-06,1104,0,57.5282928625073,97
2005-06-07,1105,0,57.2871918364572,76
2005-06-08,1106,0,61.0807707055069,93
2005-06-09,1107,0,82.5177301148152,92
2005-06-10,1108,0,48.7024358910726,97
2005-06-11,1109,0,44.4059153060665,102
2005-06-12,1110,0,34.9661413530051,97
2005-06-13,1111,0,54.637926484212,109
2005-06-14,1112,0,52.0810819326633,101
2005-06-15,1113,0,58.3549351978546,102
2005-06-16,1114,0,61.4948445467963,104
2005-06-17,1115,0,51.6439337489925,111
2005-06-18,1116,0,59.5762814478703,78
2005-06-19,1117,0,66.5156813842594,96
2005-06-20,1118,0,47.905036895039,97
2005-06-21,1119,0,38.62840500515,103
2005-06-22,1120,0,68.5654989760773,101
2005-06-23,1121,0,52.8581090598932,96
2005-06-24,1122,0,51.2148582712928,95
2005-06-25,1123,0,62.496253096469,91
2005-06-26,1124,0,35.4606700768555,103
2005-06-27,1125,0,63.125253367111,93
2005-06-28,1126,0,47.143342351871,97
2005-06-29,1127,0,66.2784227660771,106
2005-06-30,1128,0,49.3972319982294,99
2005-07-01,1129,0,60.8700351063246,100
2005-07-02,1130,0,58.3355751475639,95
2005-07-03,1131,0,61.0283015387617,98
2005-07-04,1132,0,56.4590400737146,84
2005-07-05,1133,0,53.0051939968153,93
2005-07-06,1134,0,44.6036684386091,98
2005-07-07,1135,0,39.4524819088802,109
2005-07-08,1136,0,66.1432831104882,95
2005-07-09,1137,0,47.907139244394,108
2005-07-10,1138,0,57.1576539324966,91
2005-07-11,1139,0,55.7822731446977,97
2005-07-12,1140,0,38.6436322412236,88
2005-07-13,1141,0,53.301779264844,86
2005-07-14,1142,0,60.5923958675079,99
2005-07-15,1143,0,66.9211825207788,76
2005-07-16,1144,0,46.7777596543207,91
2005-07-17,1145,0,34.5362949188802,93
2005-07-18,1146,0,60.1204069758483,81
2005-07-19,1147,0,46.2845065115655,88
2005-07-20,1148,0,66.2308539951344,87
2005-07-21,1149,0,60.8892806352293,97
2005-07-22,1150,0,48.6822153207167,91
2005-07-23,1151,0,49.5047315198148,94
2005-07-24,1152,0,55.4676890558266,108
2005-07-25,1153,0,47.9922777767485,97
2005-07-26,1154,0,49.5455450101508,87
2005-07-27,1155,0,54.8835758644229,98
2005-07-28,1156,0,45.5011660973239,83
2005-07-29,1157,0,61.9458429184095,94
2005-07-30,1158,0,59.3902931094134,93
2005-07-31,1159,0,63.5135666002683,85
2005-08-01,1160,0,42.0182498508675,88
2005-08-02,1161,0,62.3085855449094,90
2005-08-03,1162,0,59.4703457055772,94
2005-08-04,1163,0,59.1637272231644,101
2005-08-05,1164,0,63.44182899232,103
2005-08-06,1165,0,71.0236693361058,80
2005-08-07,1166,0,42.4001227359382,88
2005-08-08,1167,0,74.2312468806186,109
2005-08-09,1168,0,54.452161749125,88
2005-08-10,1169,0,65.4768755697242,99
2005-08-11,1170,1,107.937515060433,159
2005-08-12,1171,0,53.5360435178435,98
2005-08-13,1172,0,58.5842947159804,100
2005-08-14,1173,0,38.9599283947832,99
2005-08-15,1174,0,49.804135162667,105
2005-08-16,1175,0,46.2791203304436,86
2005-08-17,1176,0,60.2535204701483,96
2005-08-18,1177,0,32.9159223242306,100
2005-08-19,1178,0,44.7810280807566,108
2005-08-20,1179,0,36.9686173576791,86
2005-08-21,1180,0,63.3631714423018,79
2005-08-22,1181,0,67.427405635885,116
2005-08-23,1182,0,52.1746080795109,86
2005-08-24,1183,0,59.046878623384,113
2005-08-25,1184,0,42.2225653591859,90
2005-08-26,1185,0,56.2912401615974,100
2005-08-27,1186,0,39.0087566274757,101
2005-08-28,1187,0,35.5700048181386,95
2005-08-29,1188,0,60.6849002408379,97
2005-08-30,1189,0,61.0281326412097,96
2005-08-31,1190,0,64.5462473984297,96
2005-09-01,1191,0,50.4559514037152,102
2005-09-02,1192,0,51.9366345361524,89
2005-09-03,1193,0,33.3170834423317,101
2005-09-04,1194,0,55.0700673743383,91
2005-09-05,1195,0,62.0745628170446,95
2005-09-06,1196,0,56.8019026978685,94
2005-09-07,1197,0,56.7318332870624,87
2005-09-08,1198,0,42.7443060032093,105
2005-09-09,1199,0,53.5657555699606,108
2005-09-10,1200,0,62.8377176519977,102
2005-09-11,1201,0,44.74024835427,104
2005-09-12,1202,0,59.9440632895387,105
2005-09-13,1203,0,38.2914831532446,90
2005-09-14,1204,0,48.289128212639,92
2005-09-15,1205,0,47.0410679703445,96
2005-09-16,1206,0,45.630596618061,113
2005-09-17,1207,0,44.4039399938462,102
2005-09-18,1208,0,40.8380045435402,93
2005-09-19,1209,0,47.4660472755855,92
2005-09-20,1210,0,33.8521082491059,87
2005-09-21,1211,0,45.4110407396658,97
2005-09-22,1212,0,67.1253870755944,96
2005-09-23,1213,0,42.1573918590875,85
2005-09-24,1214,0,47.8454788262488,102
2005-09-25,1215,0,60.947406657948,88
2005-09-26,1216,0,52.2091778347656,101
2005-09-27,1217,0,56.239436355999,98
2005-09-28,1218,0,46.5999418697626,109
2005-09-29,1219,0,53.2107148693355,99
2005-09-30,1220,0,43.4662672325838,98
2006-06-01,1221,0,74.4240439669731,109
2006-06-02,1222,0,62.7794876881443,96
2006-06-03,1223,0,61.0411791704545,102
2006-06-04,1224,0,49.1946666512574,89
2006-06-05,1225,0,81.1475830593174,89
2006-06-06,1226,0,55.8567532296382,109
2006-06-07,1227,0,66.1781141910927,104
2006-06-08,1228,0,58.816089342209,86
2006-06-09,1229,0,52.4526236186303,96
2006-06-10,1230,0,45.2264996702982,82
2006-06-11,1231,0,71.0769860916867,93
2006-06-12,1232,0,59.3086175737664,97
2006-06-13,1233,0,50.1415392942267,101
2006-06-14,1234,0,51.1981309137317,94
2006-06-15,1235,0,58.2378393284517,91
2006-06-16,1236,0,44.398141816841,107
2006-06-17,1237,0,61.6839402661008,75
2006-06-18,1238,0,68.0598787273897,99
2006-06-19,1239,0,41.9170276437392,108
2006-06-20,1240,0,44.9974836988868,118
2006-06-21,1241,0,36.2137217262833,78
2006-06-22,1242,0,65.3743479970336,94
2006-06-23,1243,0,53.2085611252354,114
2006-06-24,1244,0,74.7118958625683,105
2006-06-25,1245,0,45.3944512825969,105
2006-06-26,1246,0,34.8448099675803,95
2006-06-27,1247,0,65.6088639429374,85
2006-06-28,1248,0,54.8841029408632,96
2006-06-29,1249,0,58.4101007779004,101
2006-06-30,1250,0,73.6445769439972,109
2006-07-01,1251,0,72.6538675418513,87
2006-07-02,1252,0,67.5565123032323,87
2006-07-03,1253,0,44.7164830145146,101
2006-07-04,1254,0,42.2408791122393,110
2006-07-05,1255,0,62.4268898261877,69
2006-07-06,1256,0,73.9479808168754,98
2006-07-07,1257,0,68.3464385268923,105
2006-07-08,1258,0,37.9520396467298,88
2006-07-09,1259,0,35.0889807296704,100
2006-07-10,1260,0,62.4318214089422,90
2006-07-11,1261,0,30.1356980684788,104
2006-07-12,1262,0,50.1537569233655,109
2006-07-13,1263,0,58.9365816322426,109
2006-07-14,1264,0,35.6554252807463,109
2006-07-15,1265,0,61.7596587319406,118
2006-07-16,1266,0,55.8418080133764,92
2006-07-17,1267,0,42.3613967632692,104
2006-07-18,1268,0,54.1909149759938,106
2006-07-19,1269,0,63.5571831424516,84
2006-07-20,1270,0,45.5716294313529,103
2006-07-21,1271,0,71.2139378352056,115
2006-07-22,1272,0,57.5384071920648,97
2006-07-23,1273,0,55.0930868984338,103
2006-07-24,1274,0,65.0800279816261,92
2006-07-25,1275,0,53.6571822802108,83
2006-07-26,1276,0,61.6635459616637,91
2006-07-27,1277,0,67.8513589356338,116
2006-07-28,1278,0,43.6620128141396,90
2006-07-29,1279,0,62.0251977659808,99
2006-07-30,1280,0,58.8247647993023,96
2006-07-31,1281,0,56.3558739714001,91
2006-08-01,1282,0,48.1970333955249,86
2006-08-02,1283,0,60.606319075117,96
2006-08-03,1284,0,52.6354537852699,97
2006-08-04,1285,0,54.0492943866669,100
2006-08-05,1286,0,53.8952017832962,90
2006-08-06,1287,0,51.7517048428501,85
2006-08-07,1288,0,47.7777011005471,96
2006-08-08,1289,0,42.7410053484553,109
2006-08-09,1290,0,36.1906040880235,70
2006-08-10,1291,0,64.8552161939337,84
2006-08-11,1292,0,48.3684682499699,88
2006-08-12,1293,0,47.0260766206776,74
2006-08-13,1294,0,64.6553089894905,92
2006-08-14,1295,0,52.3658840452616,102
2006-08-15,1296,0,61.3488479759011,95
2006-08-16,1297,0,64.5205580408281,107
2006-08-17,1298,0,45.9574526912109,102
2006-08-18,1299,0,69.265647772949,103
2006-08-19,1300,0,39.5275579729713,88
2006-08-20,1301,0,58.5569816613716,111
2006-08-21,1302,0,55.4837858893193,96
2006-08-22,1303,0,71.4546884687993,105
2006-08-23,1304,0,32.1450361712751,88
2006-08-24,1305,0,53.9172942060559,98
2006-08-25,1306,0,45.8420300420074,99
2006-08-26,1307,0,66.8075120990823,94
2006-08-27,1308,0,63.3882853638251,111
2006-08-28,1309,0,71.211936892824,100
2006-08-29,1310,0,73.0972513743535,103
2006-08-30,1311,0,50.4574149655283,97
2006-08-31,1312,0,34.6775904979582,101
2006-09-01,1313,0,45.0016092500264,127
2006-09-02,1314,0,56.4990764115791,100
2006-09-03,1315,0,37.3753621679166,96
2006-09-04,1316,0,67.0394418292502,103
2006-09-05,1317,0,60.449299801981,94
2006-09-06,1318,0,46.7348250412147,109
2006-09-07,1319,0,55.6291977426765,98
2006-09-08,1320,0,51.8336084538352,93
2006-09-09,1321,0,50.541421937998,103
2006-09-10,1322,0,62.3919443542022,107
2006-09-11,1323,0,69.7279245285143,92
2006-09-12,1324,0,46.7540554443008,83
2006-09-13,1325,0,34.9132866677079,96
2006-09-14,1326,0,68.1394344844559,83
2006-09-15,1327,0,59.3840267072082,119
2006-09-16,1328,0,46.0395595286589,100
2006-09-17,1329,0,61.8921600845392,99
2006-09-18,1330,0,51.2486310509368,76
2006-09-19,1331,0,59.8334319671811,99
2006-09-20,1332,0,53.5716943677388,104
2006-09-21,1333,0,50.2411847270141,95
2006-09-22,1334,0,57.3021132261796,114
2006-09-23,1335,0,52.9476449115695,102
2006-09-24,1336,0,55.3799474539616,99
2006-09-25,1337,0,60.6331453456879,94
2006-09-26,1338,0,41.8168344580886,115
2006-09-27,1339,0,58.2509570649119,97
2006-09-28,1340,0,34.3817146866133,100
2006-09-29,1341,0,41.8360446426971,102
2006-09-30,1342,0,32.1787397012494,76
2007-06-01,1343,0,56.0969698716117,102
2007-06-02,1344,0,57.4510227999447,100
2007-06-03,1345,0,59.6059262290009,113
2007-06-04,1346,0,43.2657169045993,102
2007-06-05,1347,0,65.6819466830581,106
2007-06-06,1348,0,47.5488738116238,99
2007-06-07,1349,0,47.7734920661685,86
2007-06-08,1350,0,32.8818164470896,94
2007-06-09,1351,0,65.0892447046328,104
2007-06-10,1352,0,62.7337697472041,108
2007-06-11,1353,0,46.8328351018033,86
2007-06-12,1354,0,62.0807035374944,108
2007-06-13,1355,0,55.9555246858385,107
2007-06-14,1356,0,34.9751582454736,74
2007-06-15,1357,0,57.7637147007638,84
2007-06-16,1358,0,51.6588947008835,107
2007-06-17,1359,0,61.7308507985377,87
2007-06-18,1360,0,53.2866437080105,103
2007-06-19,1361,0,44.0414974825407,94
2007-06-20,1362,0,49.5714315884666,93
2007-06-21,1363,0,43.0541597396164,90
2007-06-22,1364,0,29.3966134507858,89
2007-06-23,1365,0,48.4629730783041,72
2007-06-24,1366,0,55.6581383008098,86
2007-06-25,1367,0,49.6520061983033,97
2007-06-26,1368,0,66.0823477149046,89
2007-06-27,1369,0,44.4829218016227,96
2007-06-28,1370,0,64.6301998867748,92
2007-06-29,1371,0,40.5454253846483,97
2007-06-30,1372,0,56.8797687357775,94
2007-07-01,1373,0,57.9551503557277,111
2007-07-02,1374,0,44.8490427693501,99
2007-07-03,1375,0,23.36322671052,87
2007-07-04,1376,0,46.7901412937865,96
2007-07-05,1377,0,58.3696697610129,97
2007-07-06,1378,1,127.9570882855,157
2007-07-07,1379,0,45.7942902991603,94
2007-07-08,1380,0,61.6992741179887,97
2007-07-09,1381,0,24.0140106077818,111
2007-07-10,1382,0,44.7657514927852,85
2007-07-11,1383,0,50.0021363880039,92
2007-07-12,1384,0,41.957618502439,101
2007-07-13,1385,0,58.3292665075573,96
2007-07-14,1386,0,55.3228046723428,96
2007-07-15,1387,0,48.0712041506999,83
2007-07-16,1388,0,61.9775757494788,94
2007-07-17,1389,0,52.7166780962481,98
2007-07-18,1390,0,40.6886819819603,86
2007-07-19,1391,0,58.7232131932823,86
2007-07-20,1392,0,54.355522502521,106
2007-07-21,1393,0,57.6744420913112,96
2007-07-22,1394,0,67.9928703414512,102
2007-07-23,1395,0,54.6426740843852,83
2007-07-24,1396,0,36.7966082043717,90
2007-07-25,1397,0,62.1387277211122,93
2007-07-26,1398,0,50.7425522073514,114
2007-07-27,1399,0,52.5943831075563,111
2007-07-28,1400,0,53.4425152876785,90
2007-07-29,1401,0,48.9662842614115,95
2007-07-30,1402,0,69.0577849502669,92
2007-07-31,1403,0,55.2077426615116,90
2007-08-01,1404,0,53.0854860895377,109
2007-08-02,1405,0,58.7773895912252,76
2007-08-03,1406,0,54.1337045855818,92
2007-08-04,1407,0,60.6996826756095,109
2007-08-05,1408,0,53.0078058428944,87
2007-08-06,1409,0,75.0255855211065,96
2007-08-07,1410,0,62.882183207036,91
2007-08-08,1411,0,39.2768913410717,92
2007-08-09,1412,0,60.9271040180564,93
2007-08-10,1413,0,47.0154967100684,91
2007-08-11,1414,0,48.8379422081169,94
2007-08-12,1415,0,50.0823143638136,113
2007-08-13,1416,0,65.8904124510325,89
2007-08-14,1417,1,124.549769941799,186
2007-08-15,1418,0,48.2605277019099,115
2007-08-16,1419,0,58.8830262405226,105
2007-08-17,1420,0,43.92284982486,98
2007-08-18,1421,0,60.4396870830232,76
2007-08-19,1422,0,49.3898092823549,84
2007-08-20,1423,0,41.8147704496836,98
2007-08-21,1424,0,54.7543420205446,89
2007-08-22,1425,0,51.1335636245671,96
2007-08-23,1426,0,52.6038284113068,83
2007-08-24,1427,0,64.3112111033085,90
2007-08-25,1428,0,65.3353703004109,107
2007-08-26,1429,0,69.2676766515419,88
2007-08-27,1430,0,49.5091432441172,84
2007-08-28,1431,0,55.2280024177307,99
2007-08-29,1432,0,60.6867261937687,94
2007-08-30,1433,0,56.3185324008644,102
2007-08-31,1434,0,38.4652563685887,106
2007-09-01,1435,0,31.2223753335406,104
2007-09-02,1436,0,65.9125817980081,112
2007-09-03,1437,0,57.5863535405545,101
2007-09-04,1438,0,48.9324807286179,106
2007-09-05,1439,0,45.3667988340558,100
2007-09-06,1440,0,44.2000654850205,72
2007-09-07,1441,0,46.3097887361861,87
2007-09-08,1442,0,49.781979361106,102
2007-09-09,1443,0,51.7772500339351,99
2007-09-10,1444,0,50.2001029543838,87
2007-09-11,1445,0,43.3793548191155,95
2007-09-12,1446,0,45.7310416284011,104
2007-09-13,1447,0,65.2155756178801,97
2007-09-14,1448,0,55.1530749598446,97
2007-09-15,1449,0,59.2520818008001,102
2007-09-16,1450,0,67.8539761178049,88
2007-09-17,1451,0,42.06183622046,82
2007-09-18,1452,0,61.7536753301094,104
2007-09-19,1453,0,65.4913570378834,92
2007-09-20,1454,0,41.0414135885505,91
2007-09-21,1455,0,58.9027414090881,104
2007-09-22,1456,0,50.7787759092269,83
2007-09-23,1457,0,57.7887301132448,91
2007-09-24,1458,0,50.0359235076092,77
2007-09-25,1459,0,49.1739851692288,104
2007-09-26,1460,0,55.8804581710851,102
2007-09-27,1461,0,66.9041911146077,97
2007-09-28,1462,0,50.2685775615186,94
2007-09-29,1463,0,67.3620171732911,88
2007-09-30,1464,0,41.201271709931,81
2008-06-01,1465,0,59.5789830543589,98
2008-06-02,1466,0,43.057819237139,101
2008-06-03,1467,0,50.1306057911054,89
2008-06-04,1468,0,66.7125322497803,104
2008-06-05,1469,0,52.8979346467344,121
2008-06-06,1470,0,59.4115306920127,98
2008-06-07,1471,0,52.149727437833,85
2008-06-08,1472,0,50.0283273509128,83
2008-06-09,1473,0,43.2404405064446,94
2008-06-10,1474,0,55.6271094955592,81
2008-06-11,1475,0,56.2306079033208,102
2008-06-12,1476,0,56.1306214068126,107
2008-06-13,1477,0,47.1952633591614,92
2008-06-14,1478,0,42.0341214395238,93
2008-06-15,1479,0,41.9958150280865,95
2008-06-16,1480,0,44.5873059090104,99
2008-06-17,1481,0,70.1643384002551,86
2008-06-18,1482,0,59.849061890783,87
2008-06-19,1483,0,44.6571832216009,99
2008-06-20,1484,0,60.0443065066849,89
2008-06-21,1485,0,64.0057644963573,100
2008-06-22,1486,0,63.440910514415,85
2008-06-23,1487,0,89.3925950291066,113
2008-06-24,1488,0,49.6747553599516,96
2008-06-25,1489,0,54.8889603188853,108
2008-06-26,1490,0,44.431828628974,105
2008-06-27,1491,0,26.996116616344,85
2008-06-28,1492,0,61.8641477960648,111
2008-06-29,1493,0,43.2196700135715,116
2008-06-30,1494,0,62.0595336798947,102
2008-07-01,1495,0,58.6404960663306,79
2008-07-02,1496,0,61.2925131798224,105
2008-07-03,1497,0,43.3925014803227,105
2008-07-04,1498,0,53.8672933113625,96
2008-07-05,1499,0,28.0624040222486,102
2008-07-06,1500,0,55.6694003660384,115
2008-07-07,1501,0,53.9117196987146,93
2008-07-08,1502,0,51.3703727160156,96
2008-07-09,1503,0,48.6069317806952,92
2008-07-10,1504,0,60.3860048236446,86
2008-07-11,1505,0,45.3767242499965,94
2008-07-12,1506,0,39.8224371627626,107
2008-07-13,1507,0,60.4372438234837,112
2008-07-14,1508,0,57.1097630195178,114
2008-07-15,1509,0,57.6485054579816,88
2008-07-16,1510,0,60.7737301984473,101
2008-07-17,1511,0,62.2270079230398,98
2008-07-18,1512,0,61.6976790557133,102
2008-07-19,1513,0,41.8292767796429,110
2008-07-20,1514,0,54.5288824669707,78
2008-07-21,1515,0,56.5009276200669,93
2008-07-22,1516,0,72.4888917006905,96
2008-07-23,1517,0,51.936637773917,96
2008-07-24,1518,0,37.9267299964379,108
2008-07-25,1519,0,59.8990922894673,96
2008-07-26,1520,0,61.3995225221678,87
2008-07-27,1521,0,54.2954619818568,102
2008-07-28,1522,0,44.8917905681842,97
2008-07-29,1523,1,133.836971627922,156
2008-07-30,1524,0,42.4924065897403,101
2008-07-31,1525,0,42.7928726235684,86
2008-08-01,1526,0,48.8571979284812,99
2008-08-02,1527,0,56.8403017709888,111
2008-08-03,1528,0,57.5733519362469,82
2008-08-04,1529,0,66.827397405821,85
2008-08-05,1530,0,45.3822186149402,78
2008-08-06,1531,0,53.594155605449,100
2008-08-07,1532,0,53.1799938704816,91
2008-08-08,1533,0,62.2341941527894,94
2008-08-09,1534,0,59.4476547730483,98
2008-08-10,1535,0,53.9591733742666,90
2008-08-11,1536,0,40.3550010245525,105
2008-08-12,1537,0,51.9396785679185,97
2008-08-13,1538,0,42.8146356793443,100
2008-08-14,1539,0,51.4827322049887,92
2008-08-15,1540,0,63.2701715681544,102
2008-08-16,1541,0,57.8523756205853,90
2008-08-17,1542,0,53.866708093154,100
2008-08-18,1543,0,57.1651110155031,94
2008-08-19,1544,0,39.9352596880466,99
2008-08-20,1545,0,56.0457753922466,99
2008-08-21,1546,0,58.0471883193379,118
2008-08-22,1547,0,50.1085885157769,110
2008-08-23,1548,0,56.1129410028628,89
2008-08-24,1549,0,59.7485688245761,86
2008-08-25,1550,0,62.1544714200592,95
2008-08-26,1551,0,39.9647745901379,113
2008-08-27,1552,0,67.3183980437629,101
2008-08-28,1553,0,56.6803991329205,76
2008-08-29,1554,0,53.2691677022222,86
2008-08-30,1555,0,46.2860540668515,117
2008-08-31,1556,0,48.6199918981345,96
2008-09-01,1557,0,43.9251267091836,97
2008-09-02,1558,0,60.3375133016573,100
2008-09-03,1559,0,54.9864922868543,93
2008-09-04,1560,0,45.7886863516404,101
2008-09-05,1561,0,39.5877262922562,112
2008-09-06,1562,0,59.3260045885066,83
2008-09-07,1563,0,48.1095306467081,97
2008-09-08,1564,0,35.2389191327386,85
2008-09-09,1565,0,48.912180545728,116
2008-09-10,1566,0,47.8996789602677,102
2008-09-11,1567,0,52.6759936819685,97
2008-09-12,1568,0,55.916625823492,100
2008-09-13,1569,0,52.2652888723278,105
2008-09-14,1570,0,48.931918607769,99
2008-09-15,1571,0,36.8470881470611,94
2008-09-16,1572,0,49.1292762333821,95
2008-09-17,1573,0,52.0679504619657,101
2008-09-18,1574,0,56.4201731151709,117
2008-09-19,1575,0,50.8491126302712,85
2008-09-20,1576,0,44.3822792475991,85
2008-09-21,1577,0,46.1766212266375,95
2008-09-22,1578,0,50.7247416727922,89
2008-09-23,1579,0,58.3523030230173,79
2008-09-24,1580,0,67.0370831620781,94
2008-09-25,1581,0,40.0976856221288,86
2008-09-26,1582,0,53.8666860567459,83
2008-09-27,1583,0,54.7846276711823,86
2008-09-28,1584,0,61.9313861588701,99
2008-09-29,1585,0,53.73641584979,89
2008-09-30,1586,0,60.6184197319849,98
2009-06-01,1587,0,55.0863024735507,110
2009-06-02,1588,0,51.9434731708847,110
2009-06-03,1589,0,52.9036001095336,81
2009-06-04,1590,0,45.2624039921607,105
2009-06-05,1591,0,69.1282263992924,101
2009-06-06,1592,0,54.3932406403057,108
2009-06-07,1593,0,54.726469888006,99
2009-06-08,1594,0,43.8263540900578,76
2009-06-09,1595,0,56.313310155902,68
2009-06-10,1596,0,28.4817742612813,99
2009-06-11,1597,0,42.1210930208119,87
2009-06-12,1598,0,41.6728744127939,98
2009-06-13,1599,0,48.0046864135881,106
2009-06-14,1600,0,54.1961222422218,103
2009-06-15,1601,0,57.5117282817692,108
2009-06-16,1602,0,73.3861808523969,108
2009-06-17,1603,0,40.1689186457294,96
2009-06-18,1604,0,60.2140825004602,96
2009-06-19,1605,0,48.8057085999473,90
2009-06-20,1606,0,57.8750419130195,85
2009-06-21,1607,0,53.5124392076717,86
2009-06-22,1608,0,54.7565553837945,100
2009-06-23,1609,0,28.7973755129172,89
2009-06-24,1610,0,47.3256243276331,97
2009-06-25,1611,0,69.0797049395549,98
2009-06-26,1612,0,57.4220471328898,103
2009-06-27,1613,0,52.2595001819552,96
2009-06-28,1614,0,54.6411829568674,99
2009-06-29,1615,0,48.7754910116843,86
2009-06-30,1616,0,53.0627499923185,102
2009-07-01,1617,0,59.4725638723335,106
2009-07-02,1618,0,38.8703706257097,92
2009-07-03,1619,0,61.2375239482775,95
2009-07-04,1620,0,62.0149981547944,96
2009-07-05,1621,0,55.7981419045589,100
2009-07-06,1622,0,50.5196299774661,90
2009-07-07,1623,0,59.4946180180925,92
2009-07-08,1624,0,57.3377771752425,109
2009-07-09,1625,0,68.1361930148008,103
2009-07-10,1626,0,65.8822621789129,103
2009-07-11,1627,0,38.4577038141603,97
2009-07-12,1628,0,32.4064113881888,88
2009-07-13,1629,0,68.45909248708,95
2009-07-14,1630,0,45.3963528179982,101
2009-07-15,1631,0,54.2598988252453,79
2009-07-16,1632,0,46.5284525481154,113
2009-07-17,1633,0,35.2902865031551,103
2009-07-18,1634,0,63.4023245130926,96
2009-07-19,1635,0,54.4873531188566,106
2009-07-20,1636,0,52.6390953483055,112
2009-07-21,1637,0,68.7063774431677,101
2009-07-22,1638,0,50.5780871892633,88
2009-07-23,1639,0,58.0381461479304,106
2009-07-24,1640,0,48.8266929395517,101
2009-07-25,1641,0,43.486518422309,89
2009-07-26,1642,0,49.5289224279985,90
2009-07-27,1643,0,60.9819345461967,97
2009-07-28,1644,1,116.129814137775,167
2009-07-29,1645,0,52.6272921482169,90
2009-07-30,1646,0,34.4964288335175,82
2009-07-31,1647,0,58.6104825105382,86
2009-08-01,1648,0,52.6221962192901,87
2009-08-02,1649,0,50.8749833679584,87
2009-08-03,1650,0,50.858747275403,95
2009-08-04,1651,0,65.043808757281,93
2009-08-05,1652,0,59.9126997825446,101
2009-08-06,1653,0,51.3334508028854,105
2009-08-07,1654,0,54.0413711846622,102
2009-08-08,1655,0,48.771795681822,115
2009-08-09,1656,0,74.4145150053998,83
2009-08-10,1657,0,64.474583869367,91
2009-08-11,1658,0,54.5513217612008,88
2009-08-12,1659,0,54.0714649218698,96
2009-08-13,1660,0,55.9504792613427,92
2009-08-14,1661,0,52.5614802180075,87
2009-08-15,1662,0,53.2635238093522,87
2009-08-16,1663,0,50.9419387100549,100
2009-08-17,1664,0,57.6006810716357,103
2009-08-18,1665,0,47.0096658404618,98
2009-08-19,1666,0,53.234220251645,113
2009-08-20,1667,0,55.2819004657986,90
2009-08-21,1668,0,57.9613617788146,91
2009-08-22,1669,0,52.9333283523877,98
2009-08-23,1670,0,46.0383983286765,103
2009-08-24,1671,0,39.6221291711365,102
2009-08-25,1672,0,48.5814632662447,105
2009-08-26,1673,0,67.4543562705057,99
2009-08-27,1674,0,55.0671874750561,96
2009-08-28,1675,0,59.4007026184501,96
2009-08-29,1676,0,81.1240143758804,103
2009-08-30,1677,0,62.9008729077118,101
2009-08-31,1678,0,29.4429166733288,112
2009-09-01,1679,0,37.6201465739332,97
2009-09-02,1680,0,59.1431979151985,74
2009-09-03,1681,0,47.7300891764821,96
2009-09-04,1682,0,56.2235955692212,91
2009-09-05,1683,0,71.2180782768394,101
2009-09-06,1684,0,69.6227473037792,98
2009-09-07,1685,0,52.2263296967662,99
2009-09-08,1686,0,37.4347784344276,100
2009-09-09,1687,0,48.4998735694371,97
2009-09-10,1688,0,47.2571484932572,108
2009-09-11,1689,0,44.8289633990426,91
2009-09-12,1690,0,49.7715877066758,99
2009-09-13,1691,0,57.7030520123604,122
2009-09-14,1692,0,51.6914654818426,101
2009-09-15,1693,0,57.2917148008982,94
2009-09-16,1694,0,56.2582054974872,78
2009-09-17,1695,0,49.7343979182339,110
2009-09-18,1696,0,62.5819490242932,95
2009-09-19,1697,1,131.981695994506,152
2009-09-20,1698,0,56.2922134756909,87
2009-09-21,1699,0,64.7860186342718,94
2009-09-22,1700,0,46.8781223303579,85
2009-09-23,1701,0,50.581954186546,92
2009-09-24,1702,0,28.4402620384316,90
2009-09-25,1703,0,63.9547113821655,121
2009-09-26,1704,0,60.8809267192078,93
2009-09-27,1705,0,29.7572423389163,94
2009-09-28,1706,0,61.1884047897284,118
2009-09-29,1707,0,55.7987789578785,97
2009-09-30,1708,0,60.2418469376957,116
2010-06-01,1709,0,47.6695642814253,76
2010-06-02,1710,0,67.7437925383668,100
2010-06-03,1711,0,54.0678540671344,87
2010-06-04,1712,0,47.227676682833,90
2010-06-05,1713,0,53.2632777229216,115
2010-06-06,1714,0,52.5260953880297,93
2010-06-07,1715,0,64.556884313464,79
2010-06-08,1716,0,48.6728132985835,104
2010-06-09,1717,0,37.24280203076,107
2010-06-10,1718,0,54.8204510580899,101
2010-06-11,1719,0,48.8799464732669,87
2010-06-12,1720,0,64.0363945033172,81
2010-06-13,1721,0,54.557394626686,97
2010-06-14,1722,0,57.4987699208399,88
2010-06-15,1723,0,59.5574208091315,93
2010-06-16,1724,0,41.4282928296859,101
2010-06-17,1725,0,53.1793540660452,98
2010-06-18,1726,0,56.0734783079292,99
2010-06-19,1727,0,49.2575827280985,94
2010-06-20,1728,0,54.5149798265751,91
2010-06-21,1729,0,54.2639755279074,99
2010-06-22,1730,0,37.744794028652,87
2010-06-23,1731,0,47.2847932082668,88
2010-06-24,1732,0,45.5816867452301,91
2010-06-25,1733,0,50.2847683119426,101
2010-06-26,1734,0,44.6618158598461,85
2010-06-27,1735,0,49.5222359848299,82
2010-06-28,1736,0,57.3821986532473,109
2010-06-29,1737,0,49.6862479364085,95
2010-06-30,1738,0,41.5493798836264,97
2010-07-01,1739,0,51.6150922477773,80
2010-07-02,1740,0,49.722778114377,112
2010-07-03,1741,1,137.798154033757,167
2010-07-04,1742,0,39.0010206055553,96
2010-07-05,1743,0,52.763574821691,101
2010-07-06,1744,0,36.8104050175624,112
2010-07-07,1745,0,64.5547891663403,93
2010-07-08,1746,0,49.4683603071899,81
2010-07-09,1747,0,52.5350293316119,80
2010-07-10,1748,0,61.4434549078488,98
2010-07-11,1749,0,51.6236922086379,92
2010-07-12,1750,0,54.3127042926996,93
2010-07-13,1751,0,34.6583032281511,106
2010-07-14,1752,0,62.1788243128083,94
2010-07-15,1753,0,42.8709656967526,99
2010-07-16,1754,0,54.4145966448954,107
2010-07-17,1755,0,47.6460443386291,95
2010-07-18,1756,0,54.205742156651,95
2010-07-19,1757,0,45.9728622176986,102
2010-07-20,1758,0,52.7538727298139,105
2010-07-21,1759,0,43.2713408219868,100
2010-07-22,1760,0,41.3968782243728,99
2010-07-23,1761,0,51.2215219851598,85
2010-07-24,1762,0,53.3528795546488,94
2010-07-25,1763,0,64.1330409635643,94
2010-07-26,1764,0,42.0226717604127,97
2010-07-27,1765,0,64.8172030698341,106
2010-07-28,1766,0,52.4304978129979,106
2010-07-29,1767,0,61.4377649146802,91
2010-07-30,1768,0,58.4323019945297,96
2010-07-31,1769,0,53.4162585239653,95
2010-08-01,1770,0,42.0376282880059,84
2010-08-02,1771,0,54.2367572549299,107
2010-08-03,1772,0,46.9879633845421,83
2010-08-04,1773,0,37.6465804883008,90
2010-08-05,1774,0,54.3535506434753,97
2010-08-06,1775,0,58.4738133969797,96
2010-08-07,1776,0,81.2935241762968,76
2010-08-08,1777,0,49.4385253363751,97
2010-08-09,1778,0,61.8312449370069,98
2010-08-10,1779,0,55.2036484278073,105
2010-08-11,1780,0,59.0107361094488,115
2010-08-12,1781,0,64.8129930804319,100
2010-08-13,1782,0,48.1141089515867,114
2010-08-14,1783,0,57.5513194488619,89
2010-08-15,1784,0,31.8075419692392,107
2010-08-16,1785,0,49.2507938250335,89
2010-08-17,1786,0,53.6756337195789,100
2010-08-18,1787,0,58.8760448888585,102
2010-08-19,1788,0,44.814586771955,85
2010-08-20,1789,0,50.582172096145,93
2010-08-21,1790,0,61.9252414501088,114
2010-08-22,1791,0,50.2431982765387,90
2010-08-23,1792,0,51.2246059503772,83
2010-08-24,1793,0,53.8349203017961,89
2010-08-25,1794,0,35.5825865861272,93
2010-08-26,1795,0,57.9183854310085,92
2010-08-27,1796,0,56.8180748578284,101
2010-08-28,1797,0,37.1606618860711,114
2010-08-29,1798,0,55.0898019859595,90
2010-08-30,1799,0,45.1091457238643,95
2010-08-31,1800,0,29.4163742332491,90
2010-09-01,1801,0,55.5814611572668,99
2010-09-02,1802,0,50.4055913566437,100
2010-09-03,1803,0,62.0457518167308,86
2010-09-04,1804,0,62.2900777303777,100
2010-09-05,1805,0,50.0634670264271,92
2010-09-06,1806,0,37.350520018243,78
2010-09-07,1807,0,47.9674957858137,95
2010-09-08,1808,0,61.5647499681606,102
2010-09-09,1809,0,59.3369423159918,91
2010-09-10,1810,0,48.3429501778401,123
2010-09-11,1811,0,53.1823981138904,100
2010-09-12,1812,0,52.408502684223,79
2010-09-13,1813,0,63.0675252444642,110
2010-09-14,1814,0,65.1179331120926,100
2010-09-15,1815,0,50.2465091474786,113
2010-09-16,1816,0,54.0726885582432,100
2010-09-17,1817,0,74.4185191692747,94
2010-09-18,1818,0,69.2247814989316,87
2010-09-19,1819,0,60.2407252615637,100
2010-09-20,1820,0,67.385174773406,98
2010-09-21,1821,0,60.4181366591648,107
2010-09-22,1822,0,50.9745558515252,107
2010-09-23,1823,1,139.420720133051,172
2010-09-24,1824,0,61.1361125233832,105
2010-09-25,1825,0,61.9306180420249,102
2010-09-26,1826,0,40.7118957277531,82
2010-09-27,1827,0,53.9339797492214,102
2010-09-28,1828,0,44.6841224816282,86
2010-09-29,1829,0,72.7435678781247,105
2010-09-30,1830,0,45.9701830400063,111
2011-06-01,1831,0,47.3637677620441,97
2011-06-02,1832,0,44.6554992087145,86
2011-06-03,1833,0,64.0574465066141,110
2011-06-04,1834,0,70.6282637449409,102
2011-06-05,1835,0,50.965592183991,116
2011-06-06,1836,0,39.2025113403467,88
2011-06-07,1837,0,57.5241101260352,98
2011-06-08,1838,0,51.35424732924,97
2011-06-09,1839,0,39.8979699199938,90
2011-06-10,1840,0,35.4691190822066,98
2011-06-11,1841,0,39.5233627971812,85
2011-06-12,1842,0,68.8070674689375,109
2011-06-13,1843,0,67.6529199826055,108
2011-06-14,1844,0,61.4104619418427,94
2011-06-15,1845,0,56.2482514786835,104
2011-06-16,1846,0,58.812393867479,101
2011-06-17,1847,0,62.3048851927427,103
2011-06-18,1848,0,51.0581960928684,89
2011-06-19,1849,0,57.3391520603681,88
2011-06-20,1850,0,39.464287930361,105
2011-06-21,1851,0,53.8645820950371,98
2011-06-22,1852,0,41.6243580329798,97
2011-06-23,1853,0,64.9929451075418,106
2011-06-24,1854,0,43.192920660843,85
2011-06-25,1855,0,38.4639107261998,102
2011-06-26,1856,0,66.572350246229,89
2011-06-27,1857,0,68.5806426499504,103
2011-06-28,1858,0,61.1592527245642,98
2011-06-29,1859,0,45.7825116954884,95
2011-06-30,1860,0,46.5195769117505,106
2011-07-01,1861,0,57.4879481922232,94
2011-07-02,1862,0,51.490096860059,106
2011-07-03,1863,0,58.8886907919776,102
2011-07-04,1864,0,49.8044396220114,106
2011-07-05,1865,0,46.6594731022989,91
2011-07-06,1866,0,57.7154419837756,93
2011-07-07,1867,0,60.4660135263475,100
2011-07-08,1868,0,60.4111581641363,94
2011-07-09,1869,0,51.6186184548772,107
2011-07-10,1870,0,51.2608450009322,96
2011-07-11,1871,0,61.5705434481614,95
2011-07-12,1872,0,60.2130473217674,103
2011-07-13,1873,0,45.3723348595961,89
2011-07-14,1874,0,64.1872013425068,112
2011-07-15,1875,0,52.0267654374025,91
2011-07-16,1876,0,43.8198095318041,90
2011-07-17,1877,0,61.9006782132963,112
2011-07-18,1878,0,55.1857635143987,103
2011-07-19,1879,0,47.857121983135,105
2011-07-20,1880,0,52.8819597744372,98
2011-07-21,1881,0,49.4388946441958,86
2011-07-22,1882,0,61.2683151356336,99
2011-07-23,1883,0,50.1471889383553,82
2011-07-24,1884,0,52.7269078505569,99
2011-07-25,1885,0,61.580545063566,108
2011-07-26,1886,0,60.3010324920141,85
2011-07-27,1887,0,49.5685608563796,90
2011-07-28,1888,0,73.9715551823047,93
2011-07-29,1889,0,51.3511077576955,100
2011-07-30,1890,0,42.1986637768887,101
2011-07-31,1891,0,48.7405572511942,92
2011-08-01,1892,0,46.1286288787766,101
2011-08-02,1893,0,43.6182571404753,103
2011-08-03,1894,0,58.2904988431096,90
2011-08-04,1895,0,35.7353624359113,107
2011-08-05,1896,0,26.3546236519728,92
2011-08-06,1897,0,40.62500034873,83
2011-08-07,1898,0,62.2271187891562,98
2011-08-08,1899,0,49.9222043764157,91
2011-08-09,1900,0,63.7214278229064,95
2011-08-10,1901,0,67.201058657969,105
2011-08-11,1902,0,52.4976468631741,95
2011-08-12,1903,0,37.8736496567519,95
2011-08-13,1904,0,42.4980644086009,102
2011-08-14,1905,0,51.790569131089,111
2011-08-15,1906,0,33.0250357919427,85
2011-08-16,1907,0,46.5281077220207,109
2011-08-17,1908,0,59.6542801902843,120
2011-08-18,1909,0,65.8214681228697,94
2011-08-19,1910,0,47.1643385949568,98
2011-08-20,1911,0,33.4802634902835,102
2011-08-21,1912,0,48.1346973349508,100
2011-08-22,1913,0,52.2277445254863,107
2011-08-23,1914,0,50.3673477811341,90
2011-08-24,1915,0,51.4529819694816,106
2011-08-25,1916,0,55.4200243476375,106
2011-08-26,1917,0,36.5426912970426,91
2011-08-27,1918,0,55.8517309804584,103
2011-08-28,1919,0,55.1046651492164,72
2011-08-29,1920,0,28.0723548654551,88
2011-08-30,1921,0,57.4977050989668,101
2011-08-31,1922,0,69.6921037110229,83
2011-09-01,1923,0,60.6618173237074,94
2011-09-02,1924,0,54.5991716762411,107
2011-09-03,1925,0,41.5175901642247,93
2011-09-04,1926,0,57.8287309039036,113
2011-09-05,1927,0,51.0298100394566,90
2011-09-06,1928,0,41.144135640262,104
2011-09-07,1929,0,35.6065231663092,99
2011-09-08,1930,0,58.3182708683108,109
2011-09-09,1931,0,45.8891750425702,89
2011-09-10,1932,0,38.6564960724042,97
2011-09-11,1933,0,56.9304324392831,98
2011-09-12,1934,0,63.9880087418613,111
2011-09-13,1935,0,44.4970552214664,82
2011-09-14,1936,0,47.0018037650093,97
2011-09-15,1937,0,32.741091867058,86
2011-09-16,1938,0,57.4471855591006,95
2011-09-17,1939,0,63.5140036664238,81
2011-09-18,1940,0,56.3170054536078,109
2011-09-19,1941,0,57.9441841403338,72
2011-09-20,1942,0,50.9807758824238,96
2011-09-21,1943,0,47.6461304213117,91
2011-09-22,1944,0,69.9821866710102,86
2011-09-23,1945,0,49.6306311001463,108
2011-09-24,1946,0,45.6743632942007,105
2011-09-25,1947,0,52.933017505317,105
2011-09-26,1948,0,48.6596208316133,112
2011-09-27,1949,0,66.0526404507395,115
2011-09-28,1950,0,48.7736222217001,76
2011-09-29,1951,0,45.5199889703027,91
2011-09-30,1952,0,56.0007357920283,101
2012-06-01,1953,1,143.880772505388,181
2012-06-02,1954,0,30.2361177601647,85
2012-06-03,1955,0,41.5377537767758,95
2012-06-04,1956,0,35.6823994259563,79
2012-06-05,1957,0,58.3368857078583,97
2012-06-06,1958,0,71.4837283230188,99
2012-06-07,1959,0,48.1814365492653,97
2012-06-08,1960,0,58.315872522922,109
2012-06-09,1961,0,67.6183943796704,107
2012-06-10,1962,0,60.5614316444955,117
2012-06-11,1963,0,36.2252143786237,93
2012-06-12,1964,0,45.9243542299975,89
2012-06-13,1965,0,53.5291026104205,116
2012-06-14,1966,1,138.395224063793,167
2012-06-15,1967,0,48.7751706788701,78
2012-06-16,1968,0,57.2463207650433,76
2012-06-17,1969,0,55.2748452134661,99
2012-06-18,1970,0,52.6532861526989,72
2012-06-19,1971,0,62.8910703730504,106
2012-06-20,1972,0,54.4344308384575,102
2012-06-21,1973,0,52.7039709366402,109
2012-06-22,1974,0,54.2099691318987,106
2012-06-23,1975,0,58.5342923731529,86
2012-06-24,1976,0,52.3488942395844,105
2012-06-25,1977,0,56.58019057984,95
2012-06-26,1978,0,52.587330396743,82
2012-06-27,1979,0,44.1524805621538,103
2012-06-28,1980,0,50.7988993373988,99
2012-06-29,1981,0,75.857921777681,85
2012-06-30,1982,0,43.9465027403167,105
2012-07-01,1983,0,65.6080120909223,104
2012-07-02,1984,0,61.9593897343329,100
2012-07-03,1985,0,42.2888974636536,78
2012-07-04,1986,0,72.0566833893523,101
2012-07-05,1987,0,59.5990386558801,99
2012-07-06,1988,0,40.2880957968381,94
2012-07-07,1989,0,63.0755149606748,98
2012-07-08,1990,0,39.3239807548589,99
2012-07-09,1991,0,61.9524219798413,90
2012-07-10,1992,0,57.1635614719237,76
2012-07-11,1993,0,50.1798816197865,103
2012-07-12,1994,0,72.1030998362252,114
2012-07-13,1995,0,71.8459903995929,95
2012-07-14,1996,0,32.1294230976473,84
2012-07-15,1997,0,55.5225799024413,95
2012-07-16,1998,0,63.1504717544445,105
2012-07-17,1999,0,61.4397568727823,102
2012-07-18,2000,0,56.0425116011584,101
2012-07-19,2001,1,138.202335653986,178
2012-07-20,2002,0,57.3944439300302,114
2012-07-21,2003,0,61.4051565145721,91
2012-07-22,2004,0,49.5463667920369,87
2012-07-23,2005,0,40.3915747250548,91
2012-07-24,2006,0,70.1205993267719,99
2012-07-25,2007,0,68.4854457353532,109
2012-07-26,2008,0,29.67230432123,100
2012-07-27,2009,0,38.171431518327,90
2012-07-28,2010,0,71.7186537691035,95
2012-07-29,2011,0,67.6163710268973,87
2012-07-30,2012,0,54.2636472622425,101
2012-07-31,2013,0,45.8328296903483,95
2012-08-01,2014,0,57.3573850321644,100
2012-08-02,2015,0,52.1253114584579,77
2012-08-03,2016,0,57.9285173171745,112
2012-08-04,2017,0,48.3356198846502,83
2012-08-05,2018,0,67.205315200206,103
2012-08-06,2019,0,35.4656823106838,111
2012-08-07,2020,0,54.043219222431,68
2012-08-08,2021,0,33.0511029366822,79
2012-08-09,2022,0,30.8860305148071,85
2012-08-10,2023,0,78.4024078023839,110
2012-08-11,2024,0,17.1581136784834,100
2012-08-12,2025,0,48.1759227860015,92
2012-08-13,2026,0,58.7155369654012,89
2012-08-14,2027,0,67.2869370314174,112
2012-08-15,2028,0,53.4122006543735,89
2012-08-16,2029,0,67.4180637889872,88
2012-08-17,2030,0,38.9046574178459,80
2012-08-18,2031,0,55.7658687419774,91
2012-08-19,2032,1,114.880587192366,145
2012-08-20,2033,0,52.4166056977319,97
2012-08-21,2034,0,55.37937185366,106
2012-08-22,2035,0,41.0914723229381,95
2012-08-23,2036,0,54.450083598111,77
2012-08-24,2037,0,66.397903193936,87
2012-08-25,2038,0,44.8429479959146,94
2012-08-26,2039,0,40.5557138500374,115
2012-08-27,2040,0,47.6142248209035,85
2012-08-28,2041,0,68.1416577344657,111
2012-08-29,2042,0,43.1364871121907,110
2012-08-30,2043,0,46.4620796022173,109
2012-08-31,2044,0,64.6583072339033,97
2012-09-01,2045,0,37.1670646001592,99
2012-09-02,2046,0,51.018572592264,107
2012-09-03,2047,0,59.6680412190463,104
2012-09-04,2048,0,54.6421465574026,84
2012-09-05,2049,0,49.4898825656534,86
2012-09-06,2050,0,38.3558196608826,87
2012-09-07,2051,0,76.7726440665476,108
2012-09-08,2052,0,36.39288260616,114
2012-09-09,2053,0,48.1115091745173,110
2012-09-10,2054,0,48.3788627473985,105
2012-09-11,2055,0,54.4142223082136,86
2012-09-12,2056,0,56.6073480457095,99
2012-09-13,2057,0,62.3667581527477,105
2012-09-14,2058,0,57.761431215417,101
2012-09-15,2059,0,39.2687085559113,87
2012-09-16,2060,0,67.0263452727724,96
2012-09-17,2061,0,38.122693365026,86
2012-09-18,2062,0,43.3213719355632,98
2012-09-19,2063,0,66.5292021516183,87
2012-09-20,2064,0,45.5763112656851,106
2012-09-21,2065,0,55.6351737868682,103
2012-09-22,2066,0,48.0781106690975,88
2012-09-23,2067,0,44.7127020844613,87
2012-09-24,2068,0,61.6979556279174,94
2012-09-25,2069,0,37.164283063929,123
2012-09-26,2070,0,54.3990762049743,112
2012-09-27,2071,0,47.0377932916012,104
2012-09-28,2072,0,56.4536445539469,90
2012-09-29,2073,0,55.8197092379459,92
2012-09-30,2074,0,64.8138002191212,97
2013-06-01,2075,0,55.0549312547315,117
2013-06-02,2076,0,57.0385014031447,103
2013-06-03,2077,0,43.5600104651783,103
2013-06-04,2078,1,124.794122623419,173
2013-06-05,2079,0,60.4573770137843,92
2013-06-06,2080,0,70.1436708198752,83
2013-06-07,2081,0,42.078921811901,95
2013-06-08,2082,0,42.4015960464449,91
2013-06-09,2083,0,73.6949415224994,100
2013-06-10,2084,0,44.627577369255,106
2013-06-11,2085,0,57.0977876342255,90
2013-06-12,2086,0,55.4455337955155,110
2013-06-13,2087,0,67.3701547955487,94
2013-06-14,2088,0,43.7974323581854,91
2013-06-15,2089,0,48.6377958421573,87
2013-06-16,2090,0,49.1571501791498,91
2013-06-17,2091,0,61.6119207937936,92
2013-06-18,2092,0,49.3920300592005,101
2013-06-19,2093,0,52.9426950409617,95
2013-06-20,2094,0,67.4765473393229,118
2013-06-21,2095,0,63.4483224064603,102
2013-06-22,2096,0,60.2022348750428,103
2013-06-23,2097,0,41.1205401003885,117
2013-06-24,2098,0,49.2359014066078,92
2013-06-25,2099,0,71.880905904793,91
2013-06-26,2100,0,48.4781962836603,104
2013-06-27,2101,0,46.5817366920909,86
2013-06-28,2102,0,53.8665995952887,83
2013-06-29,2103,0,47.3148515510171,111
2013-06-30,2104,0,41.9123374475696,101
2013-07-01,2105,0,65.6108612737153,91
2013-07-02,2106,0,69.9217845603915,106
2013-07-03,2107,0,54.9292022824781,105
2013-07-04,2108,0,44.9318665021023,96
2013-07-05,2109,0,37.0269904350214,83
2013-07-06,2110,0,62.4945576936418,101
2013-07-07,2111,0,41.798945256233,81
2013-07-08,2112,0,55.3904359753546,116
2013-07-09,2113,0,60.235818514322,105
2013-07-10,2114,0,61.641676491603,78
2013-07-11,2115,0,46.1066620288135,89
2013-07-12,2116,0,45.8197208016777,92
2013-07-13,2117,0,47.2074447513227,85
2013-07-14,2118,0,56.389051424321,94
2013-07-15,2119,0,48.8607546949011,90
2013-07-16,2120,0,62.202285641777,102
2013-07-17,2121,0,65.5514454076676,112
2013-07-18,2122,0,40.5157793766958,93
2013-07-19,2123,0,46.5685746899261,101
2013-07-20,2124,0,40.4035310664336,78
2013-07-21,2125,0,56.5044368741062,99
2013-07-22,2126,0,37.1901350518461,95
2013-07-23,2127,0,64.1077073551239,108
2013-07-24,2128,0,35.9937106910325,92
2013-07-25,2129,0,63.4805244752427,98
2013-07-26,2130,0,56.9216015494341,106
2013-07-27,2131,1,110.112226064624,154
2013-07-28,2132,0,58.4988722847292,101
2013-07-29,2133,0,39.2229381992339,95
2013-07-30,2134,0,61.5812020181086,82
2013-07-31,2135,0,52.1931601632192,99
2013-08-01,2136,0,60.0504953948909,115
2013-08-02,2137,0,50.5322845355017,90
2013-08-03,2138,0,37.6993783332735,105
2013-08-04,2139,0,44.9603048438961,100
2013-08-05,2140,0,74.9252836130035,104
2013-08-06,2141,0,59.7609918296082,88
2013-08-07,2142,0,47.3327362418879,92
2013-08-08,2143,0,51.7011771147444,98
2013-08-09,2144,0,60.6205687646453,98
2013-08-10,2145,0,71.1018035383551,109
2013-08-11,2146,0,56.6001459002484,95
2013-08-12,2147,0,53.0303810746732,104
2013-08-13,2148,0,58.6717412818561,114
2013-08-14,2149,0,60.7466200892399,106
2013-08-15,2150,0,60.0483637390291,101
2013-08-16,2151,0,55.6574076431919,107
2013-08-17,2152,0,72.3022434357795,86
2013-08-18,2153,0,57.1866761314939,83
2013-08-19,2154,0,60.6312355529673,111
2013-08-20,2155,1,130.100676039799,166
2013-08-21,2156,0,57.1080169639227,88
2013-08-22,2157,0,50.6056033958394,122
2013-08-23,2158,0,25.4530361589632,107
2013-08-24,2159,0,68.0618898762493,106
2013-08-25,2160,0,51.2349095467588,102
2013-08-26,2161,0,59.8777091769546,91
2013-08-27,2162,0,35.3506315788074,100
2013-08-28,2163,0,51.6798071208658,111
2013-08-29,2164,0,55.3280622172268,86
2013-08-30,2165,0,43.11640459449,87
2013-08-31,2166,0,58.182477340562,101
2013-09-01,2167,0,58.3619333036964,101
2013-09-02,2168,0,36.6027724860725,110
2013-09-03,2169,0,43.370652081777,96
2013-09-04,2170,0,54.9007557577917,91
2013-09-05,2171,0,51.2791597938795,88
2013-09-06,2172,0,43.2058971560733,97
2013-09-07,2173,0,46.2380252308138,112
2013-09-08,2174,0,53.0436995020049,93
2013-09-09,2175,0,44.1141995184748,102
2013-09-10,2176,0,55.6575172728805,94
2013-09-11,2177,0,48.7759898964579,88
2013-09-12,2178,0,49.268004778327,93
2013-09-13,2179,0,51.0470648392858,113
2013-09-14,2180,0,56.5169583936283,122
2013-09-15,2181,0,61.3134550554851,103
2013-09-16,2182,0,41.8579921478732,98
2013-09-17,2183,0,32.2064373201611,83
2013-09-18,2184,0,49.0089729495562,98
2013-09-19,2185,0,56.9521129294778,108
2013-09-20,2186,0,58.106887314889,105
2013-09-21,2187,0,52.5029299604647,94
2013-09-22,2188,0,53.111582224485,83
2013-09-23,2189,0,59.3914830589693,103
2013-09-24,2190,0,50.796875340334,87
2013-09-25,2191,0,51.4619859541279,97
2013-09-26,2192,0,57.4865939550268,111
2013-09-27,2193,0,47.452072519011,95
2013-09-28,2194,0,55.8434748011338,92
2013-09-29,2195,0,55.346784455601,96
2013-09-30,2196,0,44.4622966804907,88
2014-06-01,2197,0,69.5625175916197,100
2014-06-02,2198,0,59.6267154837843,102
2014-06-03,2199,0,61.5090966295312,91
2014-06-04,2200,0,58.9336387997182,93
2014-06-05,2201,0,49.0079012585032,94
2014-06-06,2202,0,60.7684571942532,93
2014-06-07,2203,0,35.5509505828578,96
2014-06-08,2204,0,45.4313473054122,110
2014-06-09,2205,0,41.2974100454506,93
2014-06-10,2206,0,46.4452977904827,115
2014-06-11,2207,0,51.8369056218997,111
2014-06-12,2208,0,64.4987486746408,102
2014-06-13,2209,0,48.4346954621566,88
2014-06-14,2210,0,69.4258037201673,112
2014-06-15,2211,0,48.0871060328341,98
2014-06-16,2212,0,59.5714344783236,84
2014-06-17,2213,0,51.360689117341,83
2014-06-18,2214,0,66.2708663438925,94
2014-06-19,2215,0,65.7375882638077,85
2014-06-20,2216,0,49.3708091059038,89
2014-06-21,2217,0,54.5585925425639,92
2014-06-22,2218,0,49.2064754504305,90
2014-06-23,2219,0,54.2364796760095,101
2014-06-24,2220,0,54.0842620393595,84
2014-06-25,2221,0,61.8474480748951,75
2014-06-26,2222,0,44.4465682526728,91
2014-06-27,2223,0,41.6037353146523,101
2014-06-28,2224,0,48.280313722932,90
2014-06-29,2225,0,34.9993095982542,94
2014-06-30,2226,0,62.0795373897234,94
2014-07-01,2227,0,52.8392435665096,107
2014-07-02,2228,0,49.5112580544314,102
2014-07-03,2229,0,59.4618060443336,92
2014-07-04,2230,0,70.8183909532579,85
2014-07-05,2231,0,46.6736362608485,107
2014-07-06,2232,0,49.4234625051296,87
2014-07-07,2233,0,44.0122130506029,87
2014-07-08,2234,0,55.8268764085249,103
2014-07-09,2235,0,60.1624999589819,105
2014-07-10,2236,0,56.2718311872508,108
2014-07-11,2237,0,61.2399499549379,98
2014-07-12,2238,0,40.7214878847149,97
2014-07-13,2239,0,31.7381140724569,87
2014-07-14,2240,0,58.1661500859683,84
2014-07-15,2241,0,53.1651738858001,81
2014-07-16,2242,0,46.8838725043327,77
2014-07-17,2243,0,43.7972715702398,107
2014-07-18,2244,0,36.1587756951491,109
2014-07-19,2245,0,48.2447033410584,100
2014-07-20,2246,0,42.663239557608,102
2014-07-21,2247,0,35.5423575510957,91
2014-07-22,2248,0,58.0952443863309,76
2014-07-23,2249,0,68.7666723866429,90
2014-07-24,2250,0,21.4640960130018,98
2014-07-25,2251,0,49.3657617872715,101
2014-07-26,2252,0,72.1460391773171,94
2014-07-27,2253,0,67.7262848868866,110
2014-07-28,2254,0,69.5492502855597,96
2014-07-29,2255,0,46.9837795739886,84
2014-07-30,2256,0,49.4298878035671,105
2014-07-31,2257,0,54.6015154576856,91
2014-08-01,2258,0,42.2618512768132,108
2014-08-02,2259,0,45.8478021075746,112
2014-08-03,2260,0,44.4220776831186,91
2014-08-04,2261,0,42.66547909589,112
2014-08-05,2262,0,68.6790277939979,73
2014-08-06,2263,0,56.3603277431556,92
2014-08-07,2264,1,136.640494010604,159
2014-08-08,2265,0,78.2529229242603,107
2014-08-09,2266,0,57.3051012869446,90
2014-08-10,2267,0,66.8693726819918,81
2014-08-11,2268,0,47.1203570820047,86
2014-08-12,2269,0,44.6614126186221,82
2014-08-13,2270,0,50.6774333687749,107
2014-08-14,2271,0,60.9706377208365,97
2014-08-15,2272,0,39.6508326471672,86
2014-08-16,2273,0,58.5543281724024,106
2014-08-17,2274,0,52.0265253222827,96
2014-08-18,2275,0,56.9992634078825,107
2014-08-19,2276,0,54.3826313165852,103
2014-08-20,2277,0,54.6102185192581,96
2014-08-21,2278,0,63.4950163516562,97
2014-08-22,2279,0,66.7320728485525,95
2014-08-23,2280,0,55.2131359849255,92
2014-08-24,2281,0,33.5832560175323,95
2014-08-25,2282,0,66.2083334564612,103
2014-08-26,2283,0,52.2139819678628,94
2014-08-27,2284,0,51.264011017705,94
2014-08-28,2285,0,41.326404191096,104
2014-08-29,2286,0,52.7594912474901,90
2014-08-30,2287,0,43.4520382131759,89
2014-08-31,2288,0,49.3079683550638,100
2014-09-01,2289,0,43.8651359311756,96
2014-09-02,2290,0,31.3439282487481,103
2014-09-03,2291,0,65.3291697440254,94
2014-09-04,2292,0,49.0318307545702,111
2014-09-05,2293,0,49.9243931636938,105
2014-09-06,2294,0,62.8049446052794,111
2014-09-07,2295,0,35.0709031111352,104
2014-09-08,2296,0,49.2738748128243,91
2014-09-09,2297,0,63.1566296401242,91
2014-09-10,2298,0,59.865559126158,112
2014-09-11,2299,0,58.477715232826,102
2014-09-12,2300,0,52.7435817843221,98
2014-09-13,2301,0,45.3006819492836,88
2014-09-14,2302,0,40.1114451301304,80
2014-09-15,2303,0,56.0813146111668,100
2014-09-16,2304,0,58.8438418358217,86
2014-09-17,2305,0,52.3806293313226,116
2014-09-18,2306,0,46.7255324553662,84
2014-09-19,2307,0,43.9424088620213,91
2014-09-20,2308,0,49.3734028003997,76
2014-09-21,2309,0,50.7752376764807,100
2014-09-22,2310,0,44.1325220101686,93
2014-09-23,2311,0,48.1276467024187,86
2014-09-24,2312,0,43.8983119264349,88
2014-09-25,2313,0,59.2164717563564,89
2014-09-26,2314,0,77.2061743983153,100
2014-09-27,2315,0,45.1861090763386,104
2014-09-28,2316,0,64.3685345350619,89
2014-09-29,2317,0,50.4703316798878,102
2014-09-30,2318,0,52.8578748217253,90
2015-06-01,2319,0,50.6769378111617,116
2015-06-02,2320,0,69.8489130926487,113
2015-06-03,2321,0,60.5383700724753,93
2015-06-04,2322,0,67.6671346898752,94
2015-06-05,2323,0,49.505646946682,84
2015-06-06,2324,0,56.5542611477633,96
2015-06-07,2325,0,45.0282312130938,85
2015-06-08,2326,0,40.9397919497747,90
2015-06-09,2327,0,36.1930796299431,106
2015-06-10,2328,0,56.7243808799511,102
2015-06-11,2329,0,56.9168847390725,105
2015-06-12,2330,0,50.3694754903643,81
2015-06-13,2331,0,47.575003601994,94
2015-06-14,2332,0,36.9273413294681,87
2015-06-15,2333,0,61.9060272637651,91
2015-06-16,2334,0,61.3374637951849,86
2015-06-17,2335,0,44.5974310820416,83
2015-06-18,2336,0,44.3593678924866,104
2015-06-19,2337,0,41.0950457487971,85
2015-06-20,2338,0,59.6734871606408,91
2015-06-21,2339,0,47.2812575244274,96
2015-06-22,2340,0,43.3947676612737,105
2015-06-23,2341,0,50.845759544572,95
2015-06-24,2342,0,49.2384575982877,81
2015-06-25,2343,0,59.4858674155536,111
2015-06-26,2344,0,43.5047281596975,105
2015-06-27,2345,0,49.5093820122527,110
2015-06-28,2346,0,54.7725485681597,93
2015-06-29,2347,0,39.7442412101418,82
2015-06-30,2348,0,52.2517499608249,108
2015-07-01,2349,0,54.8332067967865,95
2015-07-02,2350,0,66.0545949670211,102
2015-07-03,2351,0,64.5845281385406,82
2015-07-04,2352,0,63.4371275715383,90
2015-07-05,2353,1,135.831082653624,169
2015-07-06,2354,0,64.1820229309853,105
2015-07-07,2355,0,57.5517682006969,105
2015-07-08,2356,0,58.6029837186282,85
2015-07-09,2357,0,53.7161012656973,103
2015-07-10,2358,0,55.3641325431336,96
2015-07-11,2359,0,56.6047464736078,83
2015-07-12,2360,0,29.6394249173457,101
2015-07-13,2361,0,61.9276045880378,97
2015-07-14,2362,0,45.3534074181133,91
2015-07-15,2363,0,38.673860734355,92
2015-07-16,2364,0,78.5634035277228,108
2015-07-17,2365,0,39.9086662697678,99
2015-07-18,2366,0,59.2833600863016,80
2015-07-19,2367,0,68.4554083466508,79
2015-07-20,2368,0,62.8754193802276,112
2015-07-21,2369,0,50.8514607176987,90
2015-07-22,2370,0,67.048544255342,111
2015-07-23,2371,0,52.2645425492095,84
2015-07-24,2372,0,44.7495891687073,136
2015-07-25,2373,0,56.8429791990139,77
2015-07-26,2374,0,30.3430032375031,84
2015-07-27,2375,0,52.9187611641114,87
2015-07-28,2376,0,41.4890489301536,100
2015-07-29,2377,0,46.5478647776485,110
2015-07-30,2378,1,142.080114974374,171
2015-07-31,2379,0,44.8498987108953,77
2015-08-01,2380,0,74.3921490952969,106
2015-08-02,2381,0,56.0109527794014,83
2015-08-03,2382,0,44.4627172030504,101
2015-08-04,2383,0,55.1831129819512,98
2015-08-05,2384,0,65.9590322793634,106
2015-08-06,2385,0,50.4229433002711,89
2015-08-07,2386,0,62.4871833217856,93
2015-08-08,2387,0,47.9163206151904,98
2015-08-09,2388,0,57.6134495252522,106
2015-08-10,2389,0,58.5987045698452,97
2015-08-11,2390,0,38.5945244122188,98
2015-08-12,2391,0,59.7935069924742,106
2015-08-13,2392,0,59.5703568873773,102
2015-08-14,2393,0,64.3736840959965,93
2015-08-15,2394,0,54.6476506551839,92
2015-08-16,2395,0,50.4841826489951,103
2015-08-17,2396,0,40.3825569489166,101
2015-08-18,2397,0,54.9382883132202,91
2015-08-19,2398,0,52.4326628961387,95
2015-08-20,2399,0,56.2065441270189,119
2015-08-21,2400,0,45.3203894140405,96
2015-08-22,2401,0,56.2290925222418,89
2015-08-23,2402,0,47.5116034953667,75
2015-08-24,2403,0,56.3537041593284,115
2015-08-25,2404,0,45.8104744580005,88
2015-08-26,2405,0,46.9223594943484,95
2015-08-27,2406,0,56.436231953269,113
2015-08-28,2407,0,31.9238915062578,111
2015-08-29,2408,0,54.4443357840416,96
2015-08-30,2409,0,62.4546764770566,91
2015-08-31,2410,0,47.3507741828811,87
2015-09-01,2411,0,71.6330699079779,89
2015-09-02,2412,0,34.356137969552,104
2015-09-03,2413,0,47.9595100384809,95
2015-09-04,2414,0,47.4326143188102,90
2015-09-05,2415,0,41.2116474169049,81
2015-09-06,2416,0,17.1763999003168,107
2015-09-07,2417,0,53.363533412049,103
2015-09-08,2418,0,37.8228636622512,101
2015-09-09,2419,0,49.0427223339337,99
2015-09-10,2420,0,60.5532434871832,104
2015-09-11,2421,0,68.5606978566796,95
2015-09-12,2422,0,64.3884304518578,101
2015-09-13,2423,0,44.5389317027781,102
2015-09-14,2424,0,49.7271015326547,114
2015-09-15,2425,0,70.9159546450978,97
2015-09-16,2426,0,42.0912197494469,96
2015-09-17,2427,0,43.3424346191081,98
2015-09-18,2428,0,50.9626436782389,98
2015-09-19,2429,0,59.2608337435648,87
2015-09-20,2430,0,50.7705222793414,92
2015-09-21,2431,0,70.9162364050434,97
2015-09-22,2432,0,53.0162291430077,92
2015-09-23,2433,0,62.0450375417617,93
2015-09-24,2434,0,48.5129936036421,95
2015-09-25,2435,0,45.9291107005281,95
2015-09-26,2436,0,42.7149512705635,91
2015-09-27,2437,0,60.6049106554252,82
2015-09-28,2438,0,56.8871231122917,97
2015-09-29,2439,0,44.6749459232189,106
2015-09-30,2440,0,42.2324284585044,94
